week,product_type,purchase_count,quantity_sum,purchase_rate
2017-12-31,TOILET_PAPER,7,7.0,6.055363321799308
2017-12-31,SURFACE_CLEANING_WIPE,7,7.0,6.055363321799308
2017-12-31,PUZZLES,2,3.0,1.7301038062283738
2017-12-31,BAKING_PAN,7,8.0,6.055363321799308
2017-12-31,BLANKET,4,4.0,3.4602076124567476
2017-12-31,DRINKING_CUP,14,14.0,12.110726643598616
2018-01-07,TOILET_PAPER,14,15.0,7.8475336322869955
2018-01-07,SURFACE_CLEANING_WIPE,6,7.0,3.36322869955157
2018-01-07,PUZZLES,3,3.0,1.681614349775785
2018-01-07,BAKING_PAN,6,6.0,3.36322869955157
2018-01-07,BLANKET,9,9.0,5.044843049327354
2018-01-07,DRINKING_CUP,17,19.0,9.52914798206278
2018-01-14,TOILET_PAPER,8,8.0,3.7071362372567194
2018-01-14,SURFACE_CLEANING_WIPE,4,5.0,1.8535681186283597
2018-01-14,PUZZLES,2,2.0,0.9267840593141798
2018-01-14,BAKING_PAN,1,1.0,0.4633920296570899
2018-01-14,BLANKET,11,11.0,5.097312326227989
2018-01-14,DRINKING_CUP,26,27.0,12.048192771084338
2018-01-21,TOILET_PAPER,13,13.0,5.380794701986755
2018-01-21,SURFACE_CLEANING_WIPE,3,3.0,1.2417218543046358
2018-01-21,PUZZLES,9,9.0,3.725165562913907
2018-01-21,BAKING_PAN,3,4.0,1.2417218543046358
2018-01-21,BLANKET,7,7.0,2.8973509933774837
2018-01-21,DRINKING_CUP,22,25.0,9.105960264900663
2018-01-28,TOILET_PAPER,16,20.0,6.137322593018795
2018-01-28,SURFACE_CLEANING_WIPE,4,4.0,1.5343306482546988
2018-01-28,PUZZLES,3,3.0,1.1507479861910241
2018-01-28,BAKING_PAN,1,1.0,0.3835826620636747
2018-01-28,BLANKET,7,7.0,2.685078634445723
2018-01-28,DRINKING_CUP,7,7.0,2.685078634445723
2018-02-04,TOILET_PAPER,7,7.0,2.5519504192489975
2018-02-04,SURFACE_CLEANING_WIPE,3,3.0,1.093693036820999
2018-02-04,PUZZLES,3,3.0,1.093693036820999
2018-02-04,BAKING_PAN,1,1.0,0.36456434560699963
2018-02-04,BLANKET,9,9.0,3.2810791104629966
2018-02-04,DRINKING_CUP,12,13.0,4.374772147283996
2018-02-11,TOILET_PAPER,9,9.0,3.146853146853147
2018-02-11,SURFACE_CLEANING_WIPE,2,2.0,0.6993006993006993
2018-02-11,PUZZLES,6,6.0,2.097902097902098
2018-02-11,BAKING_PAN,5,5.0,1.7482517482517483
2018-02-11,BLANKET,10,10.0,3.4965034965034967
2018-02-11,DRINKING_CUP,16,16.0,5.594405594405594
2018-02-18,TOILET_PAPER,8,8.0,2.7109454422229753
2018-02-18,SURFACE_CLEANING_WIPE,1,1.0,0.3388681802778719
2018-02-18,PUZZLES,2,2.0,0.6777363605557438
2018-02-18,BAKING_PAN,3,3.0,1.0166045408336157
2018-02-18,BLANKET,12,12.0,4.066418163334463
2018-02-18,DRINKING_CUP,10,10.0,3.388681802778719
2018-02-25,TOILET_PAPER,12,12.0,3.970880211780278
2018-02-25,SURFACE_CLEANING_WIPE,7,7.0,2.316346790205162
2018-02-25,PUZZLES,4,4.0,1.3236267372600927
2018-02-25,BAKING_PAN,1,1.0,0.3309066843150232
2018-02-25,BLANKET,6,6.0,1.985440105890139
2018-02-25,DRINKING_CUP,14,15.0,4.632693580410324
2018-03-04,TOILET_PAPER,6,6.0,1.9404915912031049
2018-03-04,SURFACE_CLEANING_WIPE,3,3.0,0.9702457956015524
2018-03-04,PUZZLES,5,5.0,1.6170763260025873
2018-03-04,BAKING_PAN,3,4.0,0.9702457956015524
2018-03-04,BLANKET,11,12.0,3.5575679172056924
2018-03-04,DRINKING_CUP,12,12.0,3.8809831824062098
2018-03-11,TOILET_PAPER,8,9.0,2.5396825396825395
2018-03-11,SURFACE_CLEANING_WIPE,3,3.0,0.9523809523809523
2018-03-11,PUZZLES,6,6.0,1.9047619047619047
2018-03-11,BAKING_PAN,7,7.0,2.2222222222222223
2018-03-11,BLANKET,11,11.0,3.492063492063492
2018-03-11,DRINKING_CUP,13,16.0,4.126984126984127
2018-03-18,TOILET_PAPER,11,12.0,3.4310667498440424
2018-03-18,SURFACE_CLEANING_WIPE,3,3.0,0.9357454772301934
2018-03-18,PUZZLES,6,6.0,1.8714909544603868
2018-03-18,BAKING_PAN,4,4.0,1.2476606363069245
2018-03-18,BLANKET,6,6.0,1.8714909544603868
2018-03-18,DRINKING_CUP,15,15.0,4.678727386150967
2018-03-25,TOILET_PAPER,17,18.0,5.217925107427869
2018-03-25,SURFACE_CLEANING_WIPE,3,3.0,0.9208103130755064
2018-03-25,PUZZLES,9,9.0,2.7624309392265194
2018-03-25,BAKING_PAN,5,6.0,1.5346838551258442
2018-03-25,BLANKET,9,9.0,2.7624309392265194
2018-03-25,DRINKING_CUP,10,10.0,3.0693677102516883
2018-04-01,TOILET_PAPER,5,5.0,1.5101177891875568
2018-04-01,SURFACE_CLEANING_WIPE,6,8.0,1.812141347025068
2018-04-01,PUZZLES,4,4.0,1.2080942313500453
2018-04-01,BAKING_PAN,2,2.0,0.6040471156750227
2018-04-01,BLANKET,9,9.0,2.7182120205376017
2018-04-01,DRINKING_CUP,11,12.0,3.3222591362126246
2018-04-08,TOILET_PAPER,8,9.0,2.3809523809523814
2018-04-08,SURFACE_CLEANING_WIPE,5,5.0,1.488095238095238
2018-04-08,PUZZLES,2,2.0,0.5952380952380953
2018-04-08,BAKING_PAN,4,4.0,1.1904761904761907
2018-04-08,BLANKET,9,9.0,2.6785714285714284
2018-04-08,DRINKING_CUP,12,12.0,3.571428571428571
2018-04-15,TOILET_PAPER,7,7.0,2.058823529411765
2018-04-15,SURFACE_CLEANING_WIPE,0,0.0,0.0
2018-04-15,PUZZLES,3,3.0,0.8823529411764707
2018-04-15,BAKING_PAN,1,1.0,0.2941176470588235
2018-04-15,BLANKET,7,7.0,2.058823529411765
2018-04-15,DRINKING_CUP,20,20.0,5.88235294117647
2018-04-22,TOILET_PAPER,10,10.0,2.922267679719462
2018-04-22,SURFACE_CLEANING_WIPE,5,5.0,1.461133839859731
2018-04-22,PUZZLES,4,4.0,1.1689070718877848
2018-04-22,BAKING_PAN,2,2.0,0.5844535359438924
2018-04-22,BLANKET,15,15.0,4.383401519579193
2018-04-22,DRINKING_CUP,11,13.0,3.2144944476914086
2018-04-29,TOILET_PAPER,8,8.0,2.3114706732158337
2018-04-29,SURFACE_CLEANING_WIPE,1,1.0,0.2889338341519792
2018-04-29,PUZZLES,3,3.0,0.8668015024559376
2018-04-29,BAKING_PAN,3,3.0,0.8668015024559376
2018-04-29,BLANKET,9,10.0,2.600404507367813
2018-04-29,DRINKING_CUP,20,21.0,5.778676683039584
2018-05-06,TOILET_PAPER,12,12.0,3.4295513003715348
2018-05-06,SURFACE_CLEANING_WIPE,3,4.0,0.8573878250928837
2018-05-06,PUZZLES,11,11.0,3.1437553586739067
2018-05-06,BAKING_PAN,10,10.0,2.857959416976279
2018-05-06,BLANKET,11,11.0,3.1437553586739067
2018-05-06,DRINKING_CUP,16,21.0,4.572735067162046
2018-05-13,TOILET_PAPER,11,12.0,3.1161473087818696
2018-05-13,SURFACE_CLEANING_WIPE,5,5.0,1.41643059490085
2018-05-13,PUZZLES,7,7.0,1.98300283286119
2018-05-13,BAKING_PAN,2,3.0,0.56657223796034
2018-05-13,BLANKET,6,7.0,1.6997167138810199
2018-05-13,DRINKING_CUP,5,5.0,1.41643059490085
2018-05-20,TOILET_PAPER,6,8.0,1.687289088863892
2018-05-20,SURFACE_CLEANING_WIPE,3,3.0,0.843644544431946
2018-05-20,PUZZLES,2,2.0,0.562429696287964
2018-05-20,BAKING_PAN,3,3.0,0.843644544431946
2018-05-20,BLANKET,7,7.0,1.968503937007874
2018-05-20,DRINKING_CUP,13,14.0,3.655793025871766
2018-05-27,TOILET_PAPER,11,11.0,3.072625698324022
2018-05-27,SURFACE_CLEANING_WIPE,7,7.0,1.9553072625698324
2018-05-27,PUZZLES,8,8.0,2.2346368715083798
2018-05-27,BAKING_PAN,2,2.0,0.5586592178770949
2018-05-27,BLANKET,8,8.0,2.2346368715083798
2018-05-27,DRINKING_CUP,20,23.0,5.58659217877095
2018-06-03,TOILET_PAPER,9,9.0,2.4965325936199725
2018-06-03,SURFACE_CLEANING_WIPE,0,0.0,0.0
2018-06-03,PUZZLES,7,7.0,1.941747572815534
2018-06-03,BAKING_PAN,3,4.0,0.8321775312066575
2018-06-03,BLANKET,10,10.0,2.7739251040221915
2018-06-03,DRINKING_CUP,22,22.0,6.102635228848821
2018-06-10,TOILET_PAPER,9,10.0,2.475928473177442
2018-06-10,SURFACE_CLEANING_WIPE,3,3.0,0.8253094910591472
2018-06-10,PUZZLES,7,7.0,1.9257221458046767
2018-06-10,BAKING_PAN,4,4.0,1.1004126547455295
2018-06-10,BLANKET,6,6.0,1.6506189821182944
2018-06-10,DRINKING_CUP,29,32.0,7.97799174690509
2018-06-17,TOILET_PAPER,10,11.0,2.7262813522355507
2018-06-17,SURFACE_CLEANING_WIPE,1,1.0,0.27262813522355506
2018-06-17,PUZZLES,9,9.0,2.4536532170119956
2018-06-17,BAKING_PAN,4,4.0,1.0905125408942202
2018-06-17,BLANKET,7,7.0,1.9083969465648853
2018-06-17,DRINKING_CUP,10,10.0,2.7262813522355507
2018-06-24,TOILET_PAPER,16,20.0,4.325493376588267
2018-06-24,SURFACE_CLEANING_WIPE,4,4.0,1.0813733441470668
2018-06-24,PUZZLES,3,3.0,0.8110300081103001
2018-06-24,BAKING_PAN,1,1.0,0.2703433360367667
2018-06-24,BLANKET,12,12.0,3.2441200324412005
2018-06-24,DRINKING_CUP,13,13.0,3.514463368477967
2018-07-01,TOILET_PAPER,6,6.0,1.6129032258064515
2018-07-01,SURFACE_CLEANING_WIPE,5,10.0,1.3440860215053765
2018-07-01,PUZZLES,2,2.0,0.5376344086021505
2018-07-01,BAKING_PAN,3,3.0,0.8064516129032258
2018-07-01,BLANKET,9,10.0,2.4193548387096775
2018-07-01,DRINKING_CUP,11,11.0,2.956989247311828
2018-07-08,TOILET_PAPER,15,17.0,4.002134471718249
2018-07-08,SURFACE_CLEANING_WIPE,3,3.0,0.80042689434365
2018-07-08,PUZZLES,0,0.0,0.0
2018-07-08,BAKING_PAN,1,1.0,0.2668089647812167
2018-07-08,BLANKET,5,5.0,1.3340448239060834
2018-07-08,DRINKING_CUP,18,18.0,4.8025613660619
2018-07-15,TOILET_PAPER,12,12.0,3.1872509960159365
2018-07-15,SURFACE_CLEANING_WIPE,9,9.0,2.390438247011952
2018-07-15,PUZZLES,14,14.0,3.7184594953519254
2018-07-15,BAKING_PAN,4,4.0,1.0624169986719787
2018-07-15,BLANKET,14,14.0,3.7184594953519254
2018-07-15,DRINKING_CUP,14,15.0,3.7184594953519254
2018-07-22,TOILET_PAPER,9,9.0,2.3771790808240887
2018-07-22,SURFACE_CLEANING_WIPE,7,7.0,1.8489170628631801
2018-07-22,PUZZLES,2,2.0,0.5282620179609087
2018-07-22,BAKING_PAN,3,3.0,0.7923930269413629
2018-07-22,BLANKET,11,11.0,2.9054410987849977
2018-07-22,DRINKING_CUP,10,10.0,2.641310089804543
2018-07-29,TOILET_PAPER,17,17.0,4.453759496987163
2018-07-29,SURFACE_CLEANING_WIPE,1,1.0,0.26198585276395076
2018-07-29,PUZZLES,2,2.0,0.5239717055279015
2018-07-29,BAKING_PAN,5,5.0,1.3099292638197537
2018-07-29,BLANKET,8,8.0,2.095886822111606
2018-07-29,DRINKING_CUP,9,10.0,2.3578726748755567
2018-08-05,TOILET_PAPER,13,13.0,3.388063591347407
2018-08-05,SURFACE_CLEANING_WIPE,5,5.0,1.3031013812874641
2018-08-05,PUZZLES,4,4.0,1.0424811050299714
2018-08-05,BAKING_PAN,3,3.0,0.7818608287724785
2018-08-05,BLANKET,7,7.0,1.8243419338024498
2018-08-05,DRINKING_CUP,23,24.0,5.994266353922335
2018-08-12,TOILET_PAPER,10,12.0,2.59000259000259
2018-08-12,SURFACE_CLEANING_WIPE,5,5.0,1.295001295001295
2018-08-12,PUZZLES,3,3.0,0.777000777000777
2018-08-12,BAKING_PAN,0,0.0,0.0
2018-08-12,BLANKET,6,7.0,1.554001554001554
2018-08-12,DRINKING_CUP,8,8.0,2.072002072002072
2018-08-19,TOILET_PAPER,11,11.0,2.82849061455387
2018-08-19,SURFACE_CLEANING_WIPE,2,3.0,0.5142710208279764
2018-08-19,PUZZLES,4,4.0,1.0285420416559528
2018-08-19,BAKING_PAN,4,4.0,1.0285420416559528
2018-08-19,BLANKET,9,9.0,2.314219593725894
2018-08-19,DRINKING_CUP,16,16.0,4.114168166623811
2018-08-26,TOILET_PAPER,13,13.0,3.3205619412515963
2018-08-26,SURFACE_CLEANING_WIPE,3,3.0,0.7662835249042146
2018-08-26,PUZZLES,3,3.0,0.7662835249042146
2018-08-26,BAKING_PAN,2,2.0,0.5108556832694764
2018-08-26,BLANKET,8,9.0,2.0434227330779056
2018-08-26,DRINKING_CUP,16,16.0,4.086845466155811
2018-09-02,TOILET_PAPER,7,8.0,1.7816238228556884
2018-09-02,SURFACE_CLEANING_WIPE,3,3.0,0.7635530669381522
2018-09-02,PUZZLES,3,3.0,0.7635530669381522
2018-09-02,BAKING_PAN,3,12.0,0.7635530669381522
2018-09-02,BLANKET,8,8.0,2.0361415118350727
2018-09-02,DRINKING_CUP,14,14.0,3.563247645711377
2018-09-09,TOILET_PAPER,8,8.0,2.0294266869609334
2018-09-09,SURFACE_CLEANING_WIPE,6,6.0,1.5220700152207
2018-09-09,PUZZLES,9,9.0,2.28310502283105
2018-09-09,BAKING_PAN,4,4.0,1.0147133434804667
2018-09-09,BLANKET,7,7.0,1.7757483510908167
2018-09-09,DRINKING_CUP,12,12.0,3.0441400304414
2018-09-16,TOILET_PAPER,9,10.0,2.274450341167551
2018-09-16,SURFACE_CLEANING_WIPE,0,0.0,0.0
2018-09-16,PUZZLES,6,6.0,1.5163002274450341
2018-09-16,BAKING_PAN,3,3.0,0.7581501137225171
2018-09-16,BLANKET,13,13.0,3.2853171594642405
2018-09-16,DRINKING_CUP,22,25.0,5.559767500631791
2018-09-23,TOILET_PAPER,15,15.0,3.780241935483871
2018-09-23,SURFACE_CLEANING_WIPE,5,6.0,1.2600806451612903
2018-09-23,PUZZLES,2,2.0,0.5040322580645161
2018-09-23,BAKING_PAN,4,4.0,1.0080645161290323
2018-09-23,BLANKET,8,8.0,2.0161290322580645
2018-09-23,DRINKING_CUP,16,18.0,4.032258064516129
2018-09-30,TOILET_PAPER,12,15.0,3.0135610246107483
2018-09-30,SURFACE_CLEANING_WIPE,4,4.0,1.0045203415369162
2018-09-30,PUZZLES,5,7.0,1.2556504269211453
2018-09-30,BAKING_PAN,5,5.0,1.2556504269211453
2018-09-30,BLANKET,7,7.0,1.7579105976896032
2018-09-30,DRINKING_CUP,12,14.0,3.0135610246107483
2018-10-07,TOILET_PAPER,16,16.0,4.008016032064128
2018-10-07,SURFACE_CLEANING_WIPE,9,9.0,2.2545090180360723
2018-10-07,PUZZLES,6,6.0,1.503006012024048
2018-10-07,BAKING_PAN,2,2.0,0.501002004008016
2018-10-07,BLANKET,11,11.0,2.755511022044088
2018-10-07,DRINKING_CUP,18,19.0,4.509018036072145
2018-10-14,TOILET_PAPER,11,12.0,2.743142144638404
2018-10-14,SURFACE_CLEANING_WIPE,4,5.0,0.997506234413965
2018-10-14,PUZZLES,1,1.0,0.24937655860349126
2018-10-14,BAKING_PAN,2,2.0,0.4987531172069825
2018-10-14,BLANKET,11,13.0,2.743142144638404
2018-10-14,DRINKING_CUP,19,21.0,4.7381546134663335
2018-10-21,TOILET_PAPER,8,8.0,1.990049751243781
2018-10-21,SURFACE_CLEANING_WIPE,3,3.0,0.746268656716418
2018-10-21,PUZZLES,2,2.0,0.49751243781094523
2018-10-21,BAKING_PAN,6,8.0,1.492537313432836
2018-10-21,BLANKET,11,11.0,2.736318407960199
2018-10-21,DRINKING_CUP,15,17.0,3.7313432835820897
2018-10-28,TOILET_PAPER,9,9.0,2.232142857142857
2018-10-28,SURFACE_CLEANING_WIPE,6,6.0,1.488095238095238
2018-10-28,PUZZLES,16,16.0,3.968253968253968
2018-10-28,BAKING_PAN,6,6.0,1.488095238095238
2018-10-28,BLANKET,9,11.0,2.232142857142857
2018-10-28,DRINKING_CUP,17,17.0,4.216269841269841
2018-11-04,TOILET_PAPER,6,6.0,1.4825796886582654
2018-11-04,SURFACE_CLEANING_WIPE,3,3.0,0.7412898443291327
2018-11-04,PUZZLES,11,11.0,2.7180627625401534
2018-11-04,BAKING_PAN,7,8.0,1.729676303434643
2018-11-04,BLANKET,15,15.0,3.7064492216456633
2018-11-04,DRINKING_CUP,29,30.0,7.16580182851495
2018-11-11,TOILET_PAPER,7,7.0,1.7237133710908643
2018-11-11,SURFACE_CLEANING_WIPE,1,1.0,0.2462447672986949
2018-11-11,PUZZLES,7,7.0,1.7237133710908643
2018-11-11,BAKING_PAN,5,5.0,1.2312238364934747
2018-11-11,BLANKET,30,30.0,7.387343018960847
2018-11-11,DRINKING_CUP,29,31.0,7.141098251662152
2018-11-18,TOILET_PAPER,7,9.0,1.7123287671232876
2018-11-18,SURFACE_CLEANING_WIPE,2,2.0,0.4892367906066536
2018-11-18,PUZZLES,18,18.0,4.403131115459883
2018-11-18,BAKING_PAN,6,6.0,1.467710371819961
2018-11-18,BLANKET,31,31.0,7.5831702544031305
2018-11-18,DRINKING_CUP,30,30.0,7.338551859099804
2018-11-25,TOILET_PAPER,21,23.0,5.090909090909091
2018-11-25,SURFACE_CLEANING_WIPE,6,6.0,1.4545454545454544
2018-11-25,PUZZLES,17,17.0,4.121212121212121
2018-11-25,BAKING_PAN,6,7.0,1.4545454545454544
2018-11-25,BLANKET,30,31.0,7.2727272727272725
2018-11-25,DRINKING_CUP,51,56.0,12.363636363636363
2018-12-02,TOILET_PAPER,12,12.0,2.899251026818072
2018-12-02,SURFACE_CLEANING_WIPE,5,6.0,1.2080212611741967
2018-12-02,PUZZLES,28,28.0,6.764919062575501
2018-12-02,BAKING_PAN,6,6.0,1.449625513409036
2018-12-02,BLANKET,41,42.0,9.905774341628412
2018-12-02,DRINKING_CUP,53,55.0,12.805025368446485
2018-12-09,TOILET_PAPER,8,8.0,1.918925401775006
2018-12-09,SURFACE_CLEANING_WIPE,4,4.0,0.959462700887503
2018-12-09,PUZZLES,31,31.0,7.435835931878149
2018-12-09,BAKING_PAN,13,13.0,3.1182537778843846
2018-12-09,BLANKET,40,41.0,9.594627008875031
2018-12-09,DRINKING_CUP,106,118.0,25.425761573518827
2018-12-16,TOILET_PAPER,12,12.0,2.8585040495474034
2018-12-16,SURFACE_CLEANING_WIPE,0,0.0,0.0
2018-12-16,PUZZLES,32,32.0,7.622677465459742
2018-12-16,BAKING_PAN,7,7.0,1.6674606955693188
2018-12-16,BLANKET,28,29.0,6.669842782277275
2018-12-16,DRINKING_CUP,89,94.0,21.20057170080991
2018-12-23,TOILET_PAPER,11,12.0,2.6072529035316427
2018-12-23,SURFACE_CLEANING_WIPE,2,2.0,0.47404598246029866
2018-12-23,PUZZLES,3,3.0,0.711068973690448
2018-12-23,BAKING_PAN,7,10.0,1.6591609386110453
2018-12-23,BLANKET,19,19.0,4.503436833372837
2018-12-23,DRINKING_CUP,26,26.0,6.162597771983883
2018-12-30,TOILET_PAPER,11,11.0,2.5986298133711316
2018-12-30,SURFACE_CLEANING_WIPE,3,3.0,0.7087172218284905
2018-12-30,PUZZLES,5,5.0,1.1811953697141506
2018-12-30,BAKING_PAN,1,1.0,0.23623907394283014
2018-12-30,BLANKET,12,13.0,2.834868887313962
2018-12-30,DRINKING_CUP,23,23.0,5.433498700685093
2019-01-06,TOILET_PAPER,3,3.0,0.7077140835102619
2019-01-06,SURFACE_CLEANING_WIPE,5,5.0,1.179523472517103
2019-01-06,PUZZLES,6,6.0,1.4154281670205238
2019-01-06,BAKING_PAN,5,6.0,1.179523472517103
2019-01-06,BLANKET,18,18.0,4.246284501061571
2019-01-06,DRINKING_CUP,22,24.0,5.189903279075254
2019-01-13,TOILET_PAPER,11,13.0,2.5864095932283093
2019-01-13,SURFACE_CLEANING_WIPE,2,2.0,0.4702562896778745
2019-01-13,PUZZLES,4,4.0,0.940512579355749
2019-01-13,BAKING_PAN,5,5.0,1.1756407241946862
2019-01-13,BLANKET,6,6.0,1.4107688690336233
2019-01-13,DRINKING_CUP,18,19.0,4.23230660710087
2019-01-20,TOILET_PAPER,13,15.0,3.0545112781954886
2019-01-20,SURFACE_CLEANING_WIPE,2,2.0,0.4699248120300752
2019-01-20,PUZZLES,7,7.0,1.644736842105263
2019-01-20,BAKING_PAN,5,6.0,1.1748120300751879
2019-01-20,BLANKET,5,6.0,1.1748120300751879
2019-01-20,DRINKING_CUP,12,12.0,2.819548872180451
2019-01-27,TOILET_PAPER,12,12.0,2.8149190710767065
2019-01-27,SURFACE_CLEANING_WIPE,3,3.0,0.7037297677691766
2019-01-27,PUZZLES,2,2.0,0.4691531785127844
2019-01-27,BAKING_PAN,4,4.0,0.9383063570255687
2019-01-27,BLANKET,16,17.0,3.753225428102275
2019-01-27,DRINKING_CUP,17,19.0,3.9878020173586677
2019-02-03,TOILET_PAPER,11,11.0,2.573701450631727
2019-02-03,SURFACE_CLEANING_WIPE,4,4.0,0.9358914365933553
2019-02-03,PUZZLES,8,8.0,1.8717828731867105
2019-02-03,BAKING_PAN,3,12.0,0.7019185774450163
2019-02-03,BLANKET,7,7.0,1.6378100140383716
2019-02-03,DRINKING_CUP,18,21.0,4.211511464670099
2019-02-10,TOILET_PAPER,13,13.0,3.0380930123860717
2019-02-10,SURFACE_CLEANING_WIPE,4,4.0,0.9347978499649451
2019-02-10,PUZZLES,6,6.0,1.4021967749474176
2019-02-10,BAKING_PAN,4,4.0,0.9347978499649451
2019-02-10,BLANKET,13,13.0,3.0380930123860717
2019-02-10,DRINKING_CUP,16,17.0,3.7391913998597803
2019-02-17,TOILET_PAPER,12,14.0,2.8004667444574096
2019-02-17,SURFACE_CLEANING_WIPE,3,3.0,0.7001166861143524
2019-02-17,PUZZLES,9,9.0,2.100350058343057
2019-02-17,BAKING_PAN,4,4.0,0.9334889148191365
2019-02-17,BLANKET,12,14.0,2.8004667444574096
2019-02-17,DRINKING_CUP,20,22.0,4.667444574095682
2019-02-24,TOILET_PAPER,16,16.0,3.7261294829995344
2019-02-24,SURFACE_CLEANING_WIPE,5,5.0,1.1644154634373545
2019-02-24,PUZZLES,4,4.0,0.9315323707498836
2019-02-24,BAKING_PAN,3,4.0,0.6986492780624127
2019-02-24,BLANKET,11,11.0,2.5617140195621797
2019-02-24,DRINKING_CUP,16,18.0,3.7261294829995344
2019-03-03,TOILET_PAPER,10,10.0,2.328288707799767
2019-03-03,SURFACE_CLEANING_WIPE,7,7.0,1.629802095459837
2019-03-03,PUZZLES,3,3.0,0.6984866123399301
2019-03-03,BAKING_PAN,2,2.0,0.46565774155995343
2019-03-03,BLANKET,11,11.0,2.561117578579744
2019-03-03,DRINKING_CUP,7,7.0,1.629802095459837
2019-03-10,TOILET_PAPER,12,12.0,2.7900488258544525
2019-03-10,SURFACE_CLEANING_WIPE,5,5.0,1.162520344106022
2019-03-10,PUZZLES,10,10.0,2.325040688212044
2019-03-10,BAKING_PAN,3,3.0,0.6975122064636131
2019-03-10,BLANKET,11,11.0,2.557544757033248
2019-03-10,DRINKING_CUP,18,18.0,4.185073238781679
2019-03-17,TOILET_PAPER,12,14.0,2.7822861117551585
2019-03-17,SURFACE_CLEANING_WIPE,3,3.0,0.6955715279387896
2019-03-17,PUZZLES,9,9.0,2.086714583816369
2019-03-17,BAKING_PAN,1,1.0,0.23185717597959657
2019-03-17,BLANKET,11,11.0,2.550428935775562
2019-03-17,DRINKING_CUP,15,16.0,3.4778576396939482
2019-03-24,TOILET_PAPER,16,16.0,3.7019898195279963
2019-03-24,SURFACE_CLEANING_WIPE,4,4.0,0.9254974548819991
2019-03-24,PUZZLES,2,2.0,0.46274872744099954
2019-03-24,BAKING_PAN,3,3.0,0.6941230911614993
2019-03-24,BLANKET,16,16.0,3.7019898195279963
2019-03-24,DRINKING_CUP,18,20.0,4.164738546968995
2019-03-31,TOILET_PAPER,8,9.0,1.8467220683287164
2019-03-31,SURFACE_CLEANING_WIPE,8,10.0,1.8467220683287164
2019-03-31,PUZZLES,5,5.0,1.154201292705448
2019-03-31,BAKING_PAN,4,4.0,0.9233610341643582
2019-03-31,BLANKET,10,10.0,2.308402585410896
2019-03-31,DRINKING_CUP,22,23.0,5.078485687903971
2019-04-07,TOILET_PAPER,5,5.0,1.1523392486748099
2019-04-07,SURFACE_CLEANING_WIPE,4,4.0,0.9218713989398478
2019-04-07,PUZZLES,4,4.0,0.9218713989398478
2019-04-07,BAKING_PAN,7,7.0,1.6132749481447337
2019-04-07,BLANKET,12,12.0,2.7656141968195436
2019-04-07,DRINKING_CUP,21,25.0,4.839824844434202
2019-04-14,TOILET_PAPER,13,17.0,2.994701681640175
2019-04-14,SURFACE_CLEANING_WIPE,0,0.0,0.0
2019-04-14,PUZZLES,3,3.0,0.691085003455425
2019-04-14,BAKING_PAN,4,4.0,0.9214466712739
2019-04-14,BLANKET,13,13.0,2.994701681640175
2019-04-14,DRINKING_CUP,11,13.0,2.533978346003225
2019-04-21,TOILET_PAPER,12,12.0,2.7592550011496897
2019-04-21,SURFACE_CLEANING_WIPE,0,0.0,0.0
2019-04-21,PUZZLES,4,4.0,0.9197516670498965
2019-04-21,BAKING_PAN,1,1.0,0.22993791676247413
2019-04-21,BLANKET,12,13.0,2.7592550011496897
2019-04-21,DRINKING_CUP,9,9.0,2.0694412508622673
2019-04-28,TOILET_PAPER,9,9.0,2.0656414964425065
2019-04-28,SURFACE_CLEANING_WIPE,3,3.0,0.6885471654808355
2019-04-28,PUZZLES,7,8.0,1.606610052788616
2019-04-28,BAKING_PAN,9,9.0,2.0656414964425065
2019-04-28,BLANKET,14,15.0,3.213220105577232
2019-04-28,DRINKING_CUP,19,19.0,4.360798714711958
2019-05-05,TOILET_PAPER,10,12.0,2.289901534234028
2019-05-05,SURFACE_CLEANING_WIPE,1,1.0,0.2289901534234028
2019-05-05,PUZZLES,6,6.0,1.3739409205404167
2019-05-05,BAKING_PAN,1,1.0,0.2289901534234028
2019-05-05,BLANKET,7,7.0,1.6029310739638196
2019-05-05,DRINKING_CUP,17,17.0,3.8928326081978475
2019-05-12,TOILET_PAPER,21,24.0,4.801097393689987
2019-05-12,SURFACE_CLEANING_WIPE,5,8.0,1.1431184270690444
2019-05-12,PUZZLES,4,4.0,0.9144947416552355
2019-05-12,BAKING_PAN,3,3.0,0.6858710562414265
2019-05-12,BLANKET,11,11.0,2.514860539551898
2019-05-12,DRINKING_CUP,16,17.0,3.657978966620942
2019-05-19,TOILET_PAPER,16,16.0,3.6513007759014147
2019-05-19,SURFACE_CLEANING_WIPE,2,3.0,0.45641259698767683
2019-05-19,PUZZLES,4,4.0,0.9128251939753537
2019-05-19,BAKING_PAN,5,5.0,1.1410314924691922
2019-05-19,BLANKET,7,7.0,1.5974440894568689
2019-05-19,DRINKING_CUP,22,22.0,5.020538566864445
2019-05-26,TOILET_PAPER,14,15.0,3.189792663476874
2019-05-26,SURFACE_CLEANING_WIPE,9,9.0,2.050580997949419
2019-05-26,PUZZLES,3,3.0,0.6835269993164731
2019-05-26,BAKING_PAN,1,2.0,0.22784233310549099
2019-05-26,BLANKET,12,14.0,2.7341079972658924
2019-05-26,DRINKING_CUP,17,18.0,3.8733196627933473
2019-06-02,TOILET_PAPER,10,10.0,2.2753128555176336
2019-06-02,SURFACE_CLEANING_WIPE,5,5.0,1.1376564277588168
2019-06-02,PUZZLES,6,7.0,1.3651877133105803
2019-06-02,BAKING_PAN,1,1.0,0.22753128555176336
2019-06-02,BLANKET,9,9.0,2.04778156996587
2019-06-02,DRINKING_CUP,12,12.0,2.7303754266211606
2019-06-09,TOILET_PAPER,19,21.0,4.313280363223609
2019-06-09,SURFACE_CLEANING_WIPE,5,11.0,1.1350737797956867
2019-06-09,PUZZLES,2,2.0,0.4540295119182747
2019-06-09,BAKING_PAN,3,3.0,0.681044267877412
2019-06-09,BLANKET,8,8.0,1.8161180476730987
2019-06-09,DRINKING_CUP,28,30.0,6.356413166855846
2019-06-16,TOILET_PAPER,13,13.0,2.9485144023588115
2019-06-16,SURFACE_CLEANING_WIPE,5,10.0,1.1340440009072352
2019-06-16,PUZZLES,4,4.0,0.9072352007257881
2019-06-16,BAKING_PAN,2,2.0,0.45361760036289406
2019-06-16,BLANKET,12,12.0,2.7217056021773645
2019-06-16,DRINKING_CUP,20,21.0,4.536176003628941
2019-06-23,TOILET_PAPER,12,12.0,2.716776092370387
2019-06-23,SURFACE_CLEANING_WIPE,5,5.0,1.1319900384876613
2019-06-23,PUZZLES,6,6.0,1.3583880461851936
2019-06-23,BAKING_PAN,2,3.0,0.4527960153950645
2019-06-23,BLANKET,12,16.0,2.716776092370387
2019-06-23,DRINKING_CUP,18,20.0,4.075164138555581
2019-06-30,TOILET_PAPER,11,11.0,2.4864376130198917
2019-06-30,SURFACE_CLEANING_WIPE,2,2.0,0.4520795660036166
2019-06-30,PUZZLES,4,4.0,0.9041591320072332
2019-06-30,BAKING_PAN,1,1.0,0.2260397830018083
2019-06-30,BLANKET,13,13.0,2.938517179023508
2019-06-30,DRINKING_CUP,14,16.0,3.1645569620253164
2019-07-07,TOILET_PAPER,10,12.0,2.2583559168925023
2019-07-07,SURFACE_CLEANING_WIPE,5,5.0,1.1291779584462511
2019-07-07,PUZZLES,3,3.0,0.6775067750677507
2019-07-07,BAKING_PAN,4,6.0,0.9033423667570009
2019-07-07,BLANKET,19,19.0,4.290876242095754
2019-07-07,DRINKING_CUP,22,30.0,4.968383017163505
2019-07-14,TOILET_PAPER,20,23.0,4.5075501464953796
2019-07-14,SURFACE_CLEANING_WIPE,11,11.0,2.4791525805724586
2019-07-14,PUZZLES,9,9.0,2.028397565922921
2019-07-14,BAKING_PAN,6,6.0,1.352265043948614
2019-07-14,BLANKET,26,27.0,5.859815190443994
2019-07-14,DRINKING_CUP,25,29.0,5.634437683119224
2019-07-21,TOILET_PAPER,15,16.0,3.37609723160027
2019-07-21,SURFACE_CLEANING_WIPE,6,6.0,1.350438892640108
2019-07-21,PUZZLES,10,11.0,2.2507314877335136
2019-07-21,BAKING_PAN,5,6.0,1.1253657438667568
2019-07-21,BLANKET,5,5.0,1.1253657438667568
2019-07-21,DRINKING_CUP,12,12.0,2.700877785280216
2019-07-28,TOILET_PAPER,22,23.0,4.941599281221923
2019-07-28,SURFACE_CLEANING_WIPE,12,12.0,2.6954177897574128
2019-07-28,PUZZLES,6,6.0,1.3477088948787064
2019-07-28,BAKING_PAN,6,6.0,1.3477088948787064
2019-07-28,BLANKET,17,17.0,3.8185085354896677
2019-07-28,DRINKING_CUP,21,23.0,4.716981132075471
2019-08-04,TOILET_PAPER,19,24.0,4.264870931537598
2019-08-04,SURFACE_CLEANING_WIPE,4,4.0,0.8978675645342312
2019-08-04,PUZZLES,5,5.0,1.122334455667789
2019-08-04,BAKING_PAN,3,4.0,0.6734006734006734
2019-08-04,BLANKET,10,10.0,2.244668911335578
2019-08-04,DRINKING_CUP,25,31.0,5.611672278338944
2019-08-11,TOILET_PAPER,13,16.0,2.914798206278027
2019-08-11,SURFACE_CLEANING_WIPE,7,7.0,1.569506726457399
2019-08-11,PUZZLES,3,4.0,0.672645739910314
2019-08-11,BAKING_PAN,4,4.0,0.8968609865470852
2019-08-11,BLANKET,13,13.0,2.914798206278027
2019-08-11,DRINKING_CUP,13,14.0,2.914798206278027
2019-08-18,TOILET_PAPER,20,20.0,4.4732721986132855
2019-08-18,SURFACE_CLEANING_WIPE,7,8.0,1.56564526951465
2019-08-18,PUZZLES,3,3.0,0.6709908297919929
2019-08-18,BAKING_PAN,2,2.0,0.44732721986132856
2019-08-18,BLANKET,13,13.0,2.907626929098636
2019-08-18,DRINKING_CUP,19,19.0,4.249608588682621
2019-08-25,TOILET_PAPER,23,25.0,5.139664804469274
2019-08-25,SURFACE_CLEANING_WIPE,3,4.0,0.6703910614525139
2019-08-25,PUZZLES,7,7.0,1.5642458100558658
2019-08-25,BAKING_PAN,0,0.0,0.0
2019-08-25,BLANKET,17,17.0,3.798882681564246
2019-08-25,DRINKING_CUP,21,23.0,4.692737430167598
2019-09-01,TOILET_PAPER,18,22.0,4.0151684140084765
2019-09-01,SURFACE_CLEANING_WIPE,7,7.0,1.5614543832255188
2019-09-01,PUZZLES,2,2.0,0.4461298237787196
2019-09-01,BAKING_PAN,5,5.0,1.115324559446799
2019-09-01,BLANKET,12,12.0,2.6767789426723176
2019-09-01,DRINKING_CUP,21,24.0,4.684363149676556
2019-09-08,TOILET_PAPER,18,25.0,4.007123775601068
2019-09-08,SURFACE_CLEANING_WIPE,6,7.0,1.3357079252003563
2019-09-08,PUZZLES,2,2.0,0.44523597506678536
2019-09-08,BAKING_PAN,5,5.0,1.1130899376669634
2019-09-08,BLANKET,8,8.0,1.7809439002671414
2019-09-08,DRINKING_CUP,12,12.0,2.6714158504007126
2019-09-15,TOILET_PAPER,15,19.0,3.33555703802535
2019-09-15,SURFACE_CLEANING_WIPE,4,4.0,0.88948187680676
2019-09-15,PUZZLES,0,0.0,0.0
2019-09-15,BAKING_PAN,4,5.0,0.88948187680676
2019-09-15,BLANKET,13,13.0,2.89081609962197
2019-09-15,DRINKING_CUP,18,19.0,4.0026684456304205
2019-09-22,TOILET_PAPER,17,22.0,3.7752609371530093
2019-09-22,SURFACE_CLEANING_WIPE,10,14.0,2.2207417277370642
2019-09-22,PUZZLES,5,6.0,1.1103708638685321
2019-09-22,BAKING_PAN,5,5.0,1.1103708638685321
2019-09-22,BLANKET,17,18.0,3.7752609371530093
2019-09-22,DRINKING_CUP,23,23.0,5.107705973795247
2019-09-29,TOILET_PAPER,22,23.0,4.88129576214777
2019-09-29,SURFACE_CLEANING_WIPE,6,6.0,1.3312624805857556
2019-09-29,PUZZLES,3,4.0,0.6656312402928778
2019-09-29,BAKING_PAN,9,10.0,1.9968937208786333
2019-09-29,BLANKET,18,18.0,3.9937874417572665
2019-09-29,DRINKING_CUP,16,22.0,3.5500332815620146
2019-10-06,TOILET_PAPER,16,17.0,3.5429583702391496
2019-10-06,SURFACE_CLEANING_WIPE,7,8.0,1.550044286979628
2019-10-06,PUZZLES,9,9.0,1.9929140832595218
2019-10-06,BAKING_PAN,4,4.0,0.8857395925597874
2019-10-06,BLANKET,14,14.0,3.100088573959256
2019-10-06,DRINKING_CUP,12,14.0,2.657218777679362
2019-10-13,TOILET_PAPER,21,26.0,4.642936104355516
2019-10-13,SURFACE_CLEANING_WIPE,8,8.0,1.7687375635640064
2019-10-13,PUZZLES,3,3.0,0.6632765863365023
2019-10-13,BAKING_PAN,4,4.0,0.8843687817820032
2019-10-13,BLANKET,17,17.0,3.758567322573513
2019-10-13,DRINKING_CUP,15,16.0,3.3163829316825115
2019-10-20,TOILET_PAPER,13,16.0,2.8716589352772255
2019-10-20,SURFACE_CLEANING_WIPE,4,4.0,0.8835873647006848
2019-10-20,PUZZLES,14,14.0,3.0925557764523965
2019-10-20,BAKING_PAN,6,7.0,1.3253810470510272
2019-10-20,BLANKET,20,20.0,4.417936823503425
2019-10-20,DRINKING_CUP,19,19.0,4.197039982328253
2019-10-27,TOILET_PAPER,22,23.0,4.854368932038835
2019-10-27,SURFACE_CLEANING_WIPE,4,4.0,0.88261253309797
2019-10-27,PUZZLES,6,7.0,1.323918799646955
2019-10-27,BAKING_PAN,2,2.0,0.441306266548985
2019-10-27,BLANKET,15,16.0,3.3097969991173875
2019-10-27,DRINKING_CUP,17,20.0,3.7511032656663725
2019-11-03,TOILET_PAPER,23,28.0,5.066079295154185
2019-11-03,SURFACE_CLEANING_WIPE,3,3.0,0.6607929515418502
2019-11-03,PUZZLES,7,7.0,1.5418502202643172
2019-11-03,BAKING_PAN,11,11.0,2.422907488986784
2019-11-03,BLANKET,25,25.0,5.506607929515419
2019-11-03,DRINKING_CUP,22,23.0,4.845814977973568
2019-11-10,TOILET_PAPER,18,18.0,3.9603960396039604
2019-11-10,SURFACE_CLEANING_WIPE,6,6.0,1.3201320132013201
2019-11-10,PUZZLES,20,20.0,4.4004400440044
2019-11-10,BAKING_PAN,9,9.0,1.9801980198019802
2019-11-10,BLANKET,24,25.0,5.2805280528052805
2019-11-10,DRINKING_CUP,30,32.0,6.600660066006601
2019-11-17,TOILET_PAPER,26,27.0,5.713030103274006
2019-11-17,SURFACE_CLEANING_WIPE,9,9.0,1.977587343441002
2019-11-17,PUZZLES,9,9.0,1.977587343441002
2019-11-17,BAKING_PAN,9,9.0,1.977587343441002
2019-11-17,BLANKET,29,30.0,6.372225884421007
2019-11-17,DRINKING_CUP,29,31.0,6.372225884421007
2019-11-24,TOILET_PAPER,24,32.0,5.259697567389876
2019-11-24,SURFACE_CLEANING_WIPE,4,4.0,0.8766162612316459
2019-11-24,PUZZLES,30,30.0,6.574621959237344
2019-11-24,BAKING_PAN,10,10.0,2.1915406530791146
2019-11-24,BLANKET,43,43.0,9.423624808240191
2019-11-24,DRINKING_CUP,51,54.0,11.176857330703484
2019-12-01,TOILET_PAPER,21,25.0,4.589160839160839
2019-12-01,SURFACE_CLEANING_WIPE,5,5.0,1.0926573426573427
2019-12-01,PUZZLES,33,34.0,7.211538461538462
2019-12-01,BAKING_PAN,8,9.0,1.7482517482517483
2019-12-01,BLANKET,63,66.0,13.767482517482518
2019-12-01,DRINKING_CUP,75,80.0,16.38986013986014
2019-12-08,TOILET_PAPER,22,35.0,4.797208896641954
2019-12-08,SURFACE_CLEANING_WIPE,7,7.0,1.5263846489315307
2019-12-08,PUZZLES,45,47.0,9.81247274313127
2019-12-08,BAKING_PAN,9,11.0,1.9624945486262537
2019-12-08,BLANKET,53,56.0,11.556912341910161
2019-12-08,DRINKING_CUP,105,107.0,22.895769733972962
2019-12-15,TOILET_PAPER,20,21.0,4.341219882787064
2019-12-15,SURFACE_CLEANING_WIPE,3,3.0,0.6511829824180595
2019-12-15,PUZZLES,47,48.0,10.201866724549598
2019-12-15,BAKING_PAN,12,12.0,2.604731929672238
2019-12-15,BLANKET,74,75.0,16.062513566312134
2019-12-15,DRINKING_CUP,127,128.0,27.56674625569785
2019-12-22,TOILET_PAPER,14,16.0,3.0349013657056148
2019-12-22,SURFACE_CLEANING_WIPE,7,7.0,1.5174506828528074
2019-12-22,PUZZLES,5,5.0,1.0838933448948622
2019-12-22,BAKING_PAN,5,5.0,1.0838933448948622
2019-12-22,BLANKET,17,18.0,3.685237372642532
2019-12-22,DRINKING_CUP,40,46.0,8.671146759158898
2019-12-29,TOILET_PAPER,26,29.0,5.6277056277056285
2019-12-29,SURFACE_CLEANING_WIPE,10,13.0,2.1645021645021645
2019-12-29,PUZZLES,8,8.0,1.7316017316017316
2019-12-29,BAKING_PAN,4,4.0,0.8658008658008658
2019-12-29,BLANKET,16,16.0,3.463203463203463
2019-12-29,DRINKING_CUP,19,19.0,4.112554112554113
2020-01-05,TOILET_PAPER,19,20.0,4.108996539792387
2020-01-05,SURFACE_CLEANING_WIPE,3,3.0,0.6487889273356401
2020-01-05,PUZZLES,7,7.0,1.513840830449827
2020-01-05,BAKING_PAN,2,2.0,0.43252595155709345
2020-01-05,BLANKET,15,16.0,3.2439446366782003
2020-01-05,DRINKING_CUP,16,18.0,3.4602076124567476
2020-01-12,TOILET_PAPER,14,14.0,3.023758099352052
2020-01-12,SURFACE_CLEANING_WIPE,10,10.0,2.1598272138228944
2020-01-12,PUZZLES,10,10.0,2.1598272138228944
2020-01-12,BAKING_PAN,11,12.0,2.375809935205184
2020-01-12,BLANKET,19,19.0,4.103671706263499
2020-01-12,DRINKING_CUP,22,26.0,4.751619870410368
2020-01-19,TOILET_PAPER,18,18.0,3.882657463330457
2020-01-19,SURFACE_CLEANING_WIPE,7,7.0,1.5099223468507335
2020-01-19,PUZZLES,5,5.0,1.0785159620362381
2020-01-19,BAKING_PAN,0,0.0,0.0
2020-01-19,BLANKET,7,7.0,1.5099223468507335
2020-01-19,DRINKING_CUP,12,23.0,2.588438308886971
2020-01-26,TOILET_PAPER,21,25.0,4.5297670405522
2020-01-26,SURFACE_CLEANING_WIPE,5,5.0,1.0785159620362381
2020-01-26,PUZZLES,8,8.0,1.7256255392579811
2020-01-26,BAKING_PAN,6,6.0,1.2942191544434856
2020-01-26,BLANKET,24,25.0,5.176876617773942
2020-01-26,DRINKING_CUP,21,25.0,4.5297670405522
2020-02-02,TOILET_PAPER,24,29.0,5.167958656330749
2020-02-02,SURFACE_CLEANING_WIPE,10,10.0,2.1533161068044793
2020-02-02,PUZZLES,4,5.0,0.8613264427217916
2020-02-02,BAKING_PAN,5,5.0,1.0766580534022396
2020-02-02,BLANKET,18,18.0,3.875968992248062
2020-02-02,DRINKING_CUP,20,21.0,4.3066322136089585
2020-02-09,TOILET_PAPER,20,22.0,4.3029259896729775
2020-02-09,SURFACE_CLEANING_WIPE,7,7.0,1.5060240963855422
2020-02-09,PUZZLES,16,16.0,3.442340791738382
2020-02-09,BAKING_PAN,13,13.0,2.796901893287435
2020-02-09,BLANKET,7,7.0,1.5060240963855422
2020-02-09,DRINKING_CUP,19,19.0,4.087779690189329
2020-02-16,TOILET_PAPER,13,15.0,2.7938964109176876
2020-02-16,SURFACE_CLEANING_WIPE,6,6.0,1.2894906511927788
2020-02-16,PUZZLES,5,5.0,1.074575542660649
2020-02-16,BAKING_PAN,4,4.0,0.8596604341285192
2020-02-16,BLANKET,16,16.0,3.438641736514077
2020-02-16,DRINKING_CUP,17,20.0,3.653556845046207
2020-02-23,TOILET_PAPER,33,44.0,7.081545064377683
2020-02-23,SURFACE_CLEANING_WIPE,12,13.0,2.575107296137339
2020-02-23,PUZZLES,6,6.0,1.2875536480686696
2020-02-23,BAKING_PAN,8,8.0,1.7167381974248925
2020-02-23,BLANKET,12,12.0,2.575107296137339
2020-02-23,DRINKING_CUP,19,20.0,4.07725321888412
2020-03-01,TOILET_PAPER,32,33.0,6.862534848809779
2020-03-01,SURFACE_CLEANING_WIPE,4,4.0,0.8578168561012224
2020-03-01,PUZZLES,4,4.0,0.8578168561012224
2020-03-01,BAKING_PAN,6,6.0,1.2867252841518337
2020-03-01,BLANKET,14,14.0,3.0023589963542783
2020-03-01,DRINKING_CUP,29,35.0,6.219172206733862
2020-03-08,TOILET_PAPER,34,43.0,7.286755250750107
2020-03-08,SURFACE_CLEANING_WIPE,3,3.0,0.6429489927132448
2020-03-08,PUZZLES,17,17.0,3.6433776253750536
2020-03-08,BAKING_PAN,6,6.0,1.2858979854264896
2020-03-08,BLANKET,18,18.0,3.8576939562794683
2020-03-08,DRINKING_CUP,22,25.0,4.714959279897128
2020-03-15,TOILET_PAPER,30,31.0,6.42535874919683
2020-03-15,SURFACE_CLEANING_WIPE,5,5.0,1.0708931248661384
2020-03-15,PUZZLES,43,43.0,9.20968087384879
2020-03-15,BAKING_PAN,2,2.0,0.42835724994645535
2020-03-15,BLANKET,6,6.0,1.285071749839366
2020-03-15,DRINKING_CUP,21,22.0,4.497751124437781
2020-03-22,TOILET_PAPER,24,28.0,5.140286999357464
2020-03-22,SURFACE_CLEANING_WIPE,14,18.0,2.998500749625187
2020-03-22,PUZZLES,19,21.0,4.069393874491326
2020-03-22,BAKING_PAN,7,8.0,1.4992503748125936
2020-03-22,BLANKET,10,10.0,2.141786249732277
2020-03-22,DRINKING_CUP,15,15.0,3.212679374598415
2020-03-29,TOILET_PAPER,42,50.0,8.987802268350096
2020-03-29,SURFACE_CLEANING_WIPE,3,3.0,0.6419858763107211
2020-03-29,PUZZLES,12,12.0,2.5679435052428845
2020-03-29,BAKING_PAN,10,11.0,2.1399529210357375
2020-03-29,BLANKET,16,16.0,3.42392467365718
2020-03-29,DRINKING_CUP,15,17.0,3.209929381553606
2020-04-05,TOILET_PAPER,23,29.0,4.914529914529915
2020-04-05,SURFACE_CLEANING_WIPE,13,17.0,2.7777777777777777
2020-04-05,PUZZLES,22,22.0,4.700854700854701
2020-04-05,BAKING_PAN,11,12.0,2.3504273504273505
2020-04-05,BLANKET,18,19.0,3.8461538461538463
2020-04-05,DRINKING_CUP,10,11.0,2.136752136752137
2020-04-12,TOILET_PAPER,24,27.0,5.126014523707817
2020-04-12,SURFACE_CLEANING_WIPE,6,8.0,1.2815036309269543
2020-04-12,PUZZLES,8,8.0,1.7086715079026058
2020-04-12,BAKING_PAN,13,13.0,2.776591200341734
2020-04-12,BLANKET,19,19.0,4.058094831268688
2020-04-12,DRINKING_CUP,23,23.0,4.912430585219991
2020-04-19,TOILET_PAPER,23,27.0,4.907190100277363
2020-04-19,SURFACE_CLEANING_WIPE,7,7.0,1.4934926392148495
2020-04-19,PUZZLES,10,10.0,2.1335609131640707
2020-04-19,BAKING_PAN,7,7.0,1.4934926392148495
2020-04-19,BLANKET,14,14.0,2.986985278429699
2020-04-19,DRINKING_CUP,28,28.0,5.973970556859398
2020-04-26,TOILET_PAPER,13,13.0,2.7706734867860185
2020-04-26,SURFACE_CLEANING_WIPE,7,8.0,1.4919011082693947
2020-04-26,PUZZLES,20,20.0,4.262574595055414
2020-04-26,BAKING_PAN,9,9.0,1.9181585677749362
2020-04-26,BLANKET,17,19.0,3.6231884057971016
2020-04-26,DRINKING_CUP,32,32.0,6.820119352088661
2020-05-03,TOILET_PAPER,30,33.0,6.382978723404255
2020-05-03,SURFACE_CLEANING_WIPE,10,11.0,2.127659574468085
2020-05-03,PUZZLES,11,11.0,2.3404255319148937
2020-05-03,BAKING_PAN,10,12.0,2.127659574468085
2020-05-03,BLANKET,26,30.0,5.531914893617022
2020-05-03,DRINKING_CUP,42,43.0,8.936170212765958
2020-05-10,TOILET_PAPER,12,12.0,2.552105487026797
2020-05-10,SURFACE_CLEANING_WIPE,15,15.0,3.1901318587834964
2020-05-10,PUZZLES,16,17.0,3.4028073160357297
2020-05-10,BAKING_PAN,11,11.0,2.339430029774564
2020-05-10,BLANKET,16,16.0,3.4028073160357297
2020-05-10,DRINKING_CUP,37,39.0,7.868991918332624
2020-05-17,TOILET_PAPER,23,24.0,4.887377815554611
2020-05-17,SURFACE_CLEANING_WIPE,5,6.0,1.0624734381640457
2020-05-17,PUZZLES,7,7.0,1.4874628134296644
2020-05-17,BAKING_PAN,6,6.0,1.2749681257968553
2020-05-17,BLANKET,22,22.0,4.674883127921802
2020-05-17,DRINKING_CUP,28,31.0,5.949851253718657
2020-05-24,TOILET_PAPER,17,18.0,3.6078098471986415
2020-05-24,SURFACE_CLEANING_WIPE,5,6.0,1.0611205432937183
2020-05-24,PUZZLES,10,11.0,2.1222410865874366
2020-05-24,BAKING_PAN,11,11.0,2.33446519524618
2020-05-24,BLANKET,9,9.0,1.9100169779286926
2020-05-24,DRINKING_CUP,21,21.0,4.4567062818336165
2020-05-31,TOILET_PAPER,9,9.0,1.9096117122851686
2020-05-31,SURFACE_CLEANING_WIPE,10,10.0,2.1217907914279652
2020-05-31,PUZZLES,14,14.0,2.970507107999151
2020-05-31,BAKING_PAN,11,11.0,2.333969870570762
2020-05-31,BLANKET,22,22.0,4.667939741141524
2020-05-31,DRINKING_CUP,30,31.0,6.365372374283896
2020-06-07,TOILET_PAPER,14,15.0,2.9686174724342664
2020-06-07,SURFACE_CLEANING_WIPE,7,7.0,1.4843087362171332
2020-06-07,PUZZLES,16,16.0,3.392705682782019
2020-06-07,BAKING_PAN,11,12.0,2.3324851569126377
2020-06-07,BLANKET,27,28.0,5.7251908396946565
2020-06-07,DRINKING_CUP,26,27.0,5.51314673452078
2020-06-14,TOILET_PAPER,6,7.0,1.2693039983075947
2020-06-14,SURFACE_CLEANING_WIPE,7,7.0,1.4808546646921938
2020-06-14,PUZZLES,12,12.0,2.5386079966151893
2020-06-14,BAKING_PAN,9,9.0,1.903955997461392
2020-06-14,BLANKET,20,22.0,4.231013327691983
2020-06-14,DRINKING_CUP,35,35.0,7.404273323460969
2020-06-21,TOILET_PAPER,18,20.0,3.802281368821293
2020-06-21,SURFACE_CLEANING_WIPE,7,8.0,1.478664976763836
2020-06-21,PUZZLES,12,12.0,2.5348542458808616
2020-06-21,BAKING_PAN,10,11.0,2.112378538234051
2020-06-21,BLANKET,14,14.0,2.957329953527672
2020-06-21,DRINKING_CUP,25,26.0,5.280946345585129
2020-06-28,TOILET_PAPER,13,13.0,2.743773744195863
2020-06-28,SURFACE_CLEANING_WIPE,8,11.0,1.6884761502743773
2020-06-28,PUZZLES,5,5.0,1.055297593921486
2020-06-28,BAKING_PAN,9,10.0,1.8995356690586744
2020-06-28,BLANKET,25,25.0,5.2764879696074285
2020-06-28,DRINKING_CUP,28,32.0,5.90966652596032
2020-07-05,TOILET_PAPER,14,14.0,2.9535864978902953
2020-07-05,SURFACE_CLEANING_WIPE,7,7.0,1.4767932489451476
2020-07-05,PUZZLES,21,21.0,4.4303797468354436
2020-07-05,BAKING_PAN,7,7.0,1.4767932489451476
2020-07-05,BLANKET,17,18.0,3.586497890295359
2020-07-05,DRINKING_CUP,32,32.0,6.751054852320675
2020-07-12,TOILET_PAPER,17,24.0,3.5834738617200674
2020-07-12,SURFACE_CLEANING_WIPE,5,6.0,1.0539629005059021
2020-07-12,PUZZLES,19,19.0,4.0050590219224285
2020-07-12,BAKING_PAN,12,13.0,2.5295109612141653
2020-07-12,BLANKET,19,19.0,4.0050590219224285
2020-07-12,DRINKING_CUP,37,66.0,7.799325463743677
2020-07-19,TOILET_PAPER,17,17.0,3.5797009896820384
2020-07-19,SURFACE_CLEANING_WIPE,4,4.0,0.8422825858075385
2020-07-19,PUZZLES,6,6.0,1.2634238787113075
2020-07-19,BAKING_PAN,7,7.0,1.4739945251631923
2020-07-19,BLANKET,19,19.0,4.000842282585808
2020-07-19,DRINKING_CUP,27,30.0,5.685407454200885
2020-07-26,TOILET_PAPER,15,15.0,3.153910849453322
2020-07-26,SURFACE_CLEANING_WIPE,6,7.0,1.261564339781329
2020-07-26,PUZZLES,13,14.0,2.7333894028595456
2020-07-26,BAKING_PAN,8,8.0,1.682085786375105
2020-07-26,BLANKET,14,14.0,2.943650126156434
2020-07-26,DRINKING_CUP,20,22.0,4.205214465937763
2020-08-02,TOILET_PAPER,18,18.0,3.782307207396512
2020-08-02,SURFACE_CLEANING_WIPE,14,21.0,2.9417944946417314
2020-08-02,PUZZLES,20,20.0,4.202563563773902
2020-08-02,BAKING_PAN,7,7.0,1.4708972473208657
2020-08-02,BLANKET,16,16.0,3.362050851019122
2020-08-02,DRINKING_CUP,18,18.0,3.782307207396512
2020-08-09,TOILET_PAPER,7,7.0,1.4696619777451185
2020-08-09,SURFACE_CLEANING_WIPE,10,18.0,2.0995171110644555
2020-08-09,PUZZLES,7,7.0,1.4696619777451185
2020-08-09,BAKING_PAN,6,6.0,1.2597102666386732
2020-08-09,BLANKET,24,24.0,5.038841066554693
2020-08-09,DRINKING_CUP,38,39.0,7.978165022044929
2020-08-16,TOILET_PAPER,22,25.0,4.617968094038623
2020-08-16,SURFACE_CLEANING_WIPE,5,5.0,1.0495382031905962
2020-08-16,PUZZLES,5,5.0,1.0495382031905962
2020-08-16,BAKING_PAN,11,12.0,2.3089840470193117
2020-08-16,BLANKET,23,23.0,4.827875734676742
2020-08-16,DRINKING_CUP,33,38.0,6.926952141057934
2020-08-23,TOILET_PAPER,17,17.0,3.5676810073452256
2020-08-23,SURFACE_CLEANING_WIPE,7,9.0,1.4690451206715633
2020-08-23,PUZZLES,5,5.0,1.0493179433368311
2020-08-23,BAKING_PAN,7,7.0,1.4690451206715633
2020-08-23,BLANKET,16,16.0,3.3578174186778593
2020-08-23,DRINKING_CUP,27,30.0,5.6663168940188875
2020-08-30,TOILET_PAPER,11,11.0,2.3075309418921752
2020-08-30,SURFACE_CLEANING_WIPE,4,4.0,0.8391021606880638
2020-08-30,PUZZLES,10,10.0,2.0977554017201596
2020-08-30,BAKING_PAN,2,2.0,0.4195510803440319
2020-08-30,BLANKET,17,17.0,3.566184182924271
2020-08-30,DRINKING_CUP,27,29.0,5.663939584644431
2020-09-06,TOILET_PAPER,19,22.0,3.983228511530398
2020-09-06,SURFACE_CLEANING_WIPE,11,11.0,2.306079664570231
2020-09-06,PUZZLES,13,14.0,2.7253668763102725
2020-09-06,BAKING_PAN,8,8.0,1.6771488469601676
2020-09-06,BLANKET,22,24.0,4.612159329140462
2020-09-06,DRINKING_CUP,26,28.0,5.450733752620545
2020-09-13,TOILET_PAPER,19,19.0,3.981559094719195
2020-09-13,SURFACE_CLEANING_WIPE,5,6.0,1.0477787091366304
2020-09-13,PUZZLES,10,10.0,2.095557418273261
2020-09-13,BAKING_PAN,13,13.0,2.724224643755239
2020-09-13,BLANKET,21,23.0,4.400670578373847
2020-09-13,DRINKING_CUP,24,26.0,5.029337803855825
2020-09-20,TOILET_PAPER,21,24.0,4.397905759162304
2020-09-20,SURFACE_CLEANING_WIPE,5,6.0,1.0471204188481678
2020-09-20,PUZZLES,11,11.0,2.303664921465969
2020-09-20,BAKING_PAN,10,12.0,2.0942408376963355
2020-09-20,BLANKET,18,18.0,3.769633507853403
2020-09-20,DRINKING_CUP,34,83.0,7.12041884816754
2020-09-27,TOILET_PAPER,26,29.0,5.441607367099205
2020-09-27,SURFACE_CLEANING_WIPE,4,4.0,0.8371703641691084
2020-09-27,PUZZLES,7,7.0,1.4650481372959396
2020-09-27,BAKING_PAN,11,12.0,2.3022185014650485
2020-09-27,BLANKET,24,30.0,5.023022185014651
2020-09-27,DRINKING_CUP,23,25.0,4.813729593972373
2020-10-04,TOILET_PAPER,22,23.0,4.601547793348671
2020-10-04,SURFACE_CLEANING_WIPE,6,7.0,1.2549675800041833
2020-10-04,PUZZLES,10,10.0,2.091612633340305
2020-10-04,BAKING_PAN,9,9.0,1.8824513700062748
2020-10-04,BLANKET,27,27.0,5.647354110018824
2020-10-04,DRINKING_CUP,37,38.0,7.73896674335913
2020-10-11,TOILET_PAPER,13,13.0,2.717959439682208
2020-10-11,SURFACE_CLEANING_WIPE,9,11.0,1.8816642274722977
2020-10-11,PUZZLES,25,25.0,5.226845076311938
2020-10-11,BAKING_PAN,13,13.0,2.717959439682208
2020-10-11,BLANKET,56,56.0,11.708132970938742
2020-10-11,DRINKING_CUP,45,47.0,9.40832113736149
2020-10-18,TOILET_PAPER,20,23.0,4.178854993731718
2020-10-18,SURFACE_CLEANING_WIPE,8,15.0,1.671541997492687
2020-10-18,PUZZLES,19,19.0,3.969912244045131
2020-10-18,BAKING_PAN,7,7.0,1.4625992478061012
2020-10-18,BLANKET,25,25.0,5.223568742164647
2020-10-18,DRINKING_CUP,35,38.0,7.312996239030506
2020-10-25,TOILET_PAPER,27,31.0,5.634390651085142
2020-10-25,SURFACE_CLEANING_WIPE,15,20.0,3.1302170283806343
2020-10-25,PUZZLES,5,6.0,1.0434056761268782
2020-10-25,BAKING_PAN,12,13.0,2.5041736227045073
2020-10-25,BLANKET,24,24.0,5.0083472454090145
2020-10-25,DRINKING_CUP,23,23.0,4.799666110183639
2020-11-01,TOILET_PAPER,25,26.0,5.213764337851929
2020-11-01,SURFACE_CLEANING_WIPE,6,7.0,1.251303441084463
2020-11-01,PUZZLES,15,15.0,3.1282586027111576
2020-11-01,BAKING_PAN,6,6.0,1.251303441084463
2020-11-01,BLANKET,22,24.0,4.588112617309697
2020-11-01,DRINKING_CUP,23,24.0,4.796663190823775
2020-11-08,TOILET_PAPER,28,33.0,5.838198498748957
2020-11-08,SURFACE_CLEANING_WIPE,14,25.0,2.9190992493744785
2020-11-08,PUZZLES,21,21.0,4.378648874061717
2020-11-08,BAKING_PAN,11,11.0,2.293577981651376
2020-11-08,BLANKET,35,37.0,7.297748123436197
2020-11-08,DRINKING_CUP,40,40.0,8.340283569641368
2020-11-15,TOILET_PAPER,42,43.0,8.753647353063776
2020-11-15,SURFACE_CLEANING_WIPE,9,10.0,1.8757815756565235
2020-11-15,PUZZLES,36,36.0,7.503126302626094
2020-11-15,BAKING_PAN,12,12.0,2.5010421008753645
2020-11-15,BLANKET,40,41.0,8.336807002917883
2020-11-15,DRINKING_CUP,41,41.0,8.54522717799083
2020-11-22,TOILET_PAPER,19,23.0,3.9591581579495725
2020-11-22,SURFACE_CLEANING_WIPE,7,7.0,1.4586372160866847
2020-11-22,PUZZLES,41,42.0,8.543446551364868
2020-11-22,BAKING_PAN,15,15.0,3.1256511773286104
2020-11-22,BLANKET,48,48.0,10.002083767451552
2020-11-22,DRINKING_CUP,82,85.0,17.086893102729736
2020-11-29,TOILET_PAPER,20,23.0,4.16579879191835
2020-11-29,SURFACE_CLEANING_WIPE,12,14.0,2.4994792751510104
2020-11-29,PUZZLES,49,53.0,10.206207040199958
2020-11-29,BAKING_PAN,13,14.0,2.7077692147469277
2020-11-29,BLANKET,60,63.0,12.49739637575505
2020-11-29,DRINKING_CUP,60,63.0,12.49739637575505
2020-12-06,TOILET_PAPER,22,24.0,4.578563995837669
2020-12-06,SURFACE_CLEANING_WIPE,8,12.0,1.6649323621227887
2020-12-06,PUZZLES,45,47.0,9.365244536940686
2020-12-06,BAKING_PAN,14,15.0,2.91363163371488
2020-12-06,BLANKET,74,74.0,15.400624349635796
2020-12-06,DRINKING_CUP,123,127.0,25.598335067637876
2020-12-13,TOILET_PAPER,31,32.0,6.454299396210701
2020-12-13,SURFACE_CLEANING_WIPE,16,21.0,3.3312513012700395
2020-12-13,PUZZLES,53,53.0,11.034769935457007
2020-12-13,BAKING_PAN,30,33.0,6.246096189881324
2020-12-13,BLANKET,74,75.0,15.407037268373932
2020-12-13,DRINKING_CUP,89,92.0,18.530085363314594
2020-12-20,TOILET_PAPER,26,26.0,5.412156536219817
2020-12-20,SURFACE_CLEANING_WIPE,10,17.0,2.0815986677768525
2020-12-20,PUZZLES,22,22.0,4.579517069109076
2020-12-20,BAKING_PAN,5,6.0,1.0407993338884263
2020-12-20,BLANKET,36,36.0,7.4937552039966695
2020-12-20,DRINKING_CUP,42,45.0,8.742714404662781
2020-12-27,TOILET_PAPER,20,22.0,4.157139887757223
2020-12-27,SURFACE_CLEANING_WIPE,16,26.0,3.3257119102057784
2020-12-27,PUZZLES,13,13.0,2.7021409270421946
2020-12-27,BAKING_PAN,10,12.0,2.0785699438786116
2020-12-27,BLANKET,27,27.0,5.6121388484722505
2020-12-27,DRINKING_CUP,38,41.0,7.8985657867387244
2021-01-03,TOILET_PAPER,18,18.0,3.740648379052369
2021-01-03,SURFACE_CLEANING_WIPE,15,15.0,3.117206982543641
2021-01-03,PUZZLES,8,8.0,1.6625103906899419
2021-01-03,BAKING_PAN,11,12.0,2.28595178719867
2021-01-03,BLANKET,33,35.0,6.85785536159601
2021-01-03,DRINKING_CUP,26,27.0,5.40315876974231
2021-01-10,TOILET_PAPER,14,14.0,2.9075804776739353
2021-01-10,SURFACE_CLEANING_WIPE,6,10.0,1.2461059190031154
2021-01-10,PUZZLES,13,13.0,2.699896157840083
2021-01-10,BAKING_PAN,10,10.0,2.0768431983385254
2021-01-10,BLANKET,18,19.0,3.7383177570093458
2021-01-10,DRINKING_CUP,24,26.0,4.984423676012462
2021-01-17,TOILET_PAPER,18,22.0,3.7359900373599007
2021-01-17,SURFACE_CLEANING_WIPE,10,12.0,2.0755500207555
2021-01-17,PUZZLES,12,12.0,2.4906600249066004
2021-01-17,BAKING_PAN,8,10.0,1.6604400166044002
2021-01-17,BLANKET,35,37.0,7.264425072644251
2021-01-17,DRINKING_CUP,23,24.0,4.773765047737651
2021-01-24,TOILET_PAPER,21,23.0,4.3604651162790695
2021-01-24,SURFACE_CLEANING_WIPE,10,12.0,2.0764119601328903
2021-01-24,PUZZLES,11,11.0,2.2840531561461797
2021-01-24,BAKING_PAN,10,11.0,2.0764119601328903
2021-01-24,BLANKET,23,24.0,4.775747508305648
2021-01-24,DRINKING_CUP,23,27.0,4.775747508305648
2021-01-31,TOILET_PAPER,16,16.0,3.322949117341641
2021-01-31,SURFACE_CLEANING_WIPE,13,19.0,2.699896157840083
2021-01-31,PUZZLES,22,23.0,4.569055036344756
2021-01-31,BAKING_PAN,9,10.0,1.8691588785046729
2021-01-31,BLANKET,30,30.0,6.230529595015576
2021-01-31,DRINKING_CUP,29,29.0,6.022845275181724
2021-02-07,TOILET_PAPER,22,23.0,4.569055036344756
2021-02-07,SURFACE_CLEANING_WIPE,10,13.0,2.0768431983385254
2021-02-07,PUZZLES,22,22.0,4.569055036344756
2021-02-07,BAKING_PAN,4,7.0,0.8307372793354102
2021-02-07,BLANKET,24,24.0,4.984423676012462
2021-02-07,DRINKING_CUP,35,35.0,7.268951194184839
2021-02-14,TOILET_PAPER,16,19.0,3.3250207813798838
2021-02-14,SURFACE_CLEANING_WIPE,2,2.0,0.41562759767248547
2021-02-14,PUZZLES,17,20.0,3.5328345802161265
2021-02-14,BAKING_PAN,8,8.0,1.6625103906899419
2021-02-14,BLANKET,21,22.0,4.364089775561097
2021-02-14,DRINKING_CUP,30,35.0,6.234413965087282
2021-02-21,TOILET_PAPER,25,25.0,5.194265530853937
2021-02-21,SURFACE_CLEANING_WIPE,13,17.0,2.7010180760440474
2021-02-21,PUZZLES,11,11.0,2.2854768335757325
2021-02-21,BAKING_PAN,11,11.0,2.2854768335757325
2021-02-21,BLANKET,33,35.0,6.856430500727197
2021-02-21,DRINKING_CUP,21,23.0,4.363183045917307
2021-02-28,TOILET_PAPER,10,10.0,2.077274615704196
2021-02-28,SURFACE_CLEANING_WIPE,8,12.0,1.6618196925633568
2021-02-28,PUZZLES,12,12.0,2.4927295388450355
2021-02-28,BAKING_PAN,8,8.0,1.6618196925633568
2021-02-28,BLANKET,30,32.0,6.231823847112588
2021-02-28,DRINKING_CUP,19,19.0,3.9468217698379724
2021-03-07,TOILET_PAPER,12,13.0,2.49324745480989
2021-03-07,SURFACE_CLEANING_WIPE,13,17.0,2.7010180760440474
2021-03-07,PUZZLES,13,13.0,2.7010180760440474
2021-03-07,BAKING_PAN,10,10.0,2.0777062123415746
2021-03-07,BLANKET,29,29.0,6.025348015790567
2021-03-07,DRINKING_CUP,45,49.0,9.349677955537087
2021-03-14,TOILET_PAPER,26,29.0,5.396430053964301
2021-03-14,SURFACE_CLEANING_WIPE,13,15.0,2.6982150269821505
2021-03-14,PUZZLES,17,17.0,3.5284350352843505
2021-03-14,BAKING_PAN,8,8.0,1.6604400166044002
2021-03-14,BLANKET,45,46.0,9.339975093399751
2021-03-14,DRINKING_CUP,36,37.0,7.471980074719801
2021-03-21,TOILET_PAPER,21,22.0,4.359559892048994
2021-03-21,SURFACE_CLEANING_WIPE,8,13.0,1.6607847207805688
2021-03-21,PUZZLES,16,16.0,3.3215694415611376
2021-03-21,BAKING_PAN,12,12.0,2.491177081170853
2021-03-21,BLANKET,30,30.0,6.227942702927133
2021-03-21,DRINKING_CUP,39,43.0,8.096325513805272
2021-03-28,TOILET_PAPER,23,24.0,4.768816089570807
2021-03-28,SURFACE_CLEANING_WIPE,7,7.0,1.4513788098693758
2021-03-28,PUZZLES,13,13.0,2.6954177897574128
2021-03-28,BAKING_PAN,9,9.0,1.8660584698320546
2021-03-28,BLANKET,20,20.0,4.146796599626788
2021-03-28,DRINKING_CUP,29,32.0,6.012855069458843
2021-04-04,TOILET_PAPER,23,25.0,4.764864304951316
2021-04-04,SURFACE_CLEANING_WIPE,6,6.0,1.243008079552517
2021-04-04,PUZZLES,8,8.0,1.657344106070023
2021-04-04,BAKING_PAN,5,6.0,1.0358400662937641
2021-04-04,BLANKET,20,20.0,4.1433602651750565
2021-04-04,DRINKING_CUP,34,35.0,7.043712450797597
2021-04-11,TOILET_PAPER,14,15.0,2.901554404145078
2021-04-11,SURFACE_CLEANING_WIPE,5,5.0,1.0362694300518134
2021-04-11,PUZZLES,3,3.0,0.6217616580310881
2021-04-11,BAKING_PAN,5,6.0,1.0362694300518134
2021-04-11,BLANKET,21,21.0,4.352331606217617
2021-04-11,DRINKING_CUP,30,30.0,6.217616580310881
2021-04-18,TOILET_PAPER,23,26.0,4.768816089570807
2021-04-18,SURFACE_CLEANING_WIPE,11,11.0,2.2807381297947336
2021-04-18,PUZZLES,9,9.0,1.8660584698320546
2021-04-18,BAKING_PAN,14,15.0,2.9027576197387517
2021-04-18,BLANKET,23,24.0,4.768816089570807
2021-04-18,DRINKING_CUP,31,34.0,6.427534729421522
2021-04-25,TOILET_PAPER,16,17.0,3.3181252592285357
2021-04-25,SURFACE_CLEANING_WIPE,9,10.0,1.8664454583160512
2021-04-25,PUZZLES,4,4.0,0.8295313148071339
2021-04-25,BAKING_PAN,9,9.0,1.8664454583160512
2021-04-25,BLANKET,23,23.0,4.76980506014102
2021-04-25,DRINKING_CUP,33,35.0,6.843633347158855
2021-05-02,TOILET_PAPER,19,21.0,3.9410910599460696
2021-05-02,SURFACE_CLEANING_WIPE,8,9.0,1.6594067620825554
2021-05-02,PUZZLES,21,21.0,4.355942750466709
2021-05-02,BAKING_PAN,14,15.0,2.903961833644472
2021-05-02,BLANKET,35,40.0,7.2599045841111804
2021-05-02,DRINKING_CUP,53,55.0,10.99356979879693
2021-05-09,TOILET_PAPER,18,20.0,3.7344398340248963
2021-05-09,SURFACE_CLEANING_WIPE,8,8.0,1.6597510373443982
2021-05-09,PUZZLES,12,12.0,2.4896265560165975
2021-05-09,BAKING_PAN,5,6.0,1.037344398340249
2021-05-09,BLANKET,17,17.0,3.5269709543568464
2021-05-09,DRINKING_CUP,35,39.0,7.261410788381743
2021-05-16,TOILET_PAPER,18,20.0,3.7344398340248963
2021-05-16,SURFACE_CLEANING_WIPE,9,11.0,1.8672199170124482
2021-05-16,PUZZLES,11,11.0,2.282157676348548
2021-05-16,BAKING_PAN,11,12.0,2.282157676348548
2021-05-16,BLANKET,18,20.0,3.7344398340248963
2021-05-16,DRINKING_CUP,24,24.0,4.979253112033195
2021-05-23,TOILET_PAPER,16,18.0,3.318813524165111
2021-05-23,SURFACE_CLEANING_WIPE,3,3.0,0.6222775357809583
2021-05-23,PUZZLES,13,13.0,2.6965359883841526
2021-05-23,BAKING_PAN,9,9.0,1.866832607342875
2021-05-23,BLANKET,21,23.0,4.355942750466709
2021-05-23,DRINKING_CUP,24,25.0,4.978220286247667
2021-05-30,TOILET_PAPER,23,24.0,4.771784232365146
2021-05-30,SURFACE_CLEANING_WIPE,6,6.0,1.2448132780082988
2021-05-30,PUZZLES,11,13.0,2.282157676348548
2021-05-30,BAKING_PAN,9,9.0,1.8672199170124482
2021-05-30,BLANKET,27,27.0,5.601659751037344
2021-05-30,DRINKING_CUP,34,38.0,7.053941908713693
2021-06-06,TOILET_PAPER,24,24.0,4.981320049813201
2021-06-06,SURFACE_CLEANING_WIPE,4,5.0,0.8302200083022001
2021-06-06,PUZZLES,15,15.0,3.1133250311332503
2021-06-06,BAKING_PAN,5,5.0,1.03777501037775
2021-06-06,BLANKET,17,17.0,3.5284350352843505
2021-06-06,DRINKING_CUP,26,28.0,5.396430053964301
2021-06-13,TOILET_PAPER,22,24.0,4.570004154549232
2021-06-13,SURFACE_CLEANING_WIPE,7,7.0,1.4540922309929372
2021-06-13,PUZZLES,5,5.0,1.038637307852098
2021-06-13,BAKING_PAN,5,6.0,1.038637307852098
2021-06-13,BLANKET,18,20.0,3.739094308267553
2021-06-13,DRINKING_CUP,41,42.0,8.516825924387204
2021-06-20,TOILET_PAPER,33,36.0,6.853582554517134
2021-06-20,SURFACE_CLEANING_WIPE,10,10.0,2.0768431983385254
2021-06-20,PUZZLES,16,17.0,3.322949117341641
2021-06-20,BAKING_PAN,12,15.0,2.492211838006231
2021-06-20,BLANKET,61,63.0,12.668743509865006
2021-06-20,DRINKING_CUP,46,58.0,9.553478712357217
2021-06-27,TOILET_PAPER,19,19.0,3.9468217698379724
2021-06-27,SURFACE_CLEANING_WIPE,4,4.0,0.8309098462816784
2021-06-27,PUZZLES,13,13.0,2.700457000415455
2021-06-27,BAKING_PAN,9,11.0,1.8695471541337765
2021-06-27,BLANKET,15,15.0,3.115911923556294
2021-06-27,DRINKING_CUP,18,19.0,3.739094308267553
2021-07-04,TOILET_PAPER,23,25.0,4.7777316161196515
2021-07-04,SURFACE_CLEANING_WIPE,4,4.0,0.8309098462816784
2021-07-04,PUZZLES,12,12.0,2.4927295388450355
2021-07-04,BAKING_PAN,6,6.0,1.2463647694225177
2021-07-04,BLANKET,22,23.0,4.570004154549232
2021-07-04,DRINKING_CUP,37,45.0,7.685916078105525
2021-07-11,TOILET_PAPER,14,16.0,2.9075804776739353
2021-07-11,SURFACE_CLEANING_WIPE,7,7.0,1.4537902388369677
2021-07-11,PUZZLES,11,11.0,2.284527518172378
2021-07-11,BAKING_PAN,3,3.0,0.6230529595015577
2021-07-11,BLANKET,25,26.0,5.192107995846314
2021-07-11,DRINKING_CUP,30,33.0,6.230529595015576
2021-07-18,TOILET_PAPER,26,31.0,5.40091400083091
2021-07-18,SURFACE_CLEANING_WIPE,7,8.0,1.4540922309929372
2021-07-18,PUZZLES,14,14.0,2.9081844619858743
2021-07-18,BAKING_PAN,3,3.0,0.6231823847112589
2021-07-18,BLANKET,18,18.0,3.739094308267553
2021-07-18,DRINKING_CUP,22,22.0,4.570004154549232
2021-07-25,TOILET_PAPER,29,29.0,6.0215946843853825
2021-07-25,SURFACE_CLEANING_WIPE,6,6.0,1.245847176079734
2021-07-25,PUZZLES,14,14.0,2.9069767441860463
2021-07-25,BAKING_PAN,5,5.0,1.0382059800664452
2021-07-25,BLANKET,24,24.0,4.983388704318936
2021-07-25,DRINKING_CUP,26,29.0,5.398671096345515
2021-08-01,TOILET_PAPER,30,32.0,6.230529595015576
2021-08-01,SURFACE_CLEANING_WIPE,12,15.0,2.492211838006231
2021-08-01,PUZZLES,13,13.0,2.699896157840083
2021-08-01,BAKING_PAN,2,4.0,0.4153686396677051
2021-08-01,BLANKET,24,24.0,4.984423676012462
2021-08-01,DRINKING_CUP,28,28.0,5.815160955347871
2021-08-08,TOILET_PAPER,15,17.0,3.115911923556294
2021-08-08,SURFACE_CLEANING_WIPE,6,6.0,1.2463647694225177
2021-08-08,PUZZLES,9,9.0,1.8695471541337765
2021-08-08,BAKING_PAN,13,13.0,2.700457000415455
2021-08-08,BLANKET,27,29.0,5.608641462401329
2021-08-08,DRINKING_CUP,29,36.0,6.024096385542169
2021-08-15,TOILET_PAPER,28,29.0,5.818786367414797
2021-08-15,SURFACE_CLEANING_WIPE,19,21.0,3.9484621778886115
2021-08-15,PUZZLES,9,9.0,1.8703241895261844
2021-08-15,BAKING_PAN,6,6.0,1.2468827930174564
2021-08-15,BLANKET,25,25.0,5.195344970906069
2021-08-15,DRINKING_CUP,42,51.0,8.728179551122194
2021-08-22,TOILET_PAPER,34,38.0,7.062733693394266
2021-08-22,SURFACE_CLEANING_WIPE,3,3.0,0.6231823847112589
2021-08-22,PUZZLES,13,13.0,2.700457000415455
2021-08-22,BAKING_PAN,3,3.0,0.6231823847112589
2021-08-22,BLANKET,21,22.0,4.362276692978812
2021-08-22,DRINKING_CUP,19,19.0,3.9468217698379724
2021-08-29,TOILET_PAPER,27,30.0,5.609806773322252
2021-08-29,SURFACE_CLEANING_WIPE,6,6.0,1.246623727404945
2021-08-29,PUZZLES,17,17.0,3.5321005609806777
2021-08-29,BAKING_PAN,7,9.0,1.4543943486391024
2021-08-29,BLANKET,23,23.0,4.7787242883856225
2021-08-29,DRINKING_CUP,29,29.0,6.025348015790567
2021-09-05,TOILET_PAPER,21,23.0,4.363183045917307
2021-09-05,SURFACE_CLEANING_WIPE,1,1.0,0.2077706212341575
2021-09-05,PUZZLES,3,3.0,0.6233118637024725
2021-09-05,BAKING_PAN,11,12.0,2.2854768335757325
2021-09-05,BLANKET,18,18.0,3.7398711822148347
2021-09-05,DRINKING_CUP,23,26.0,4.7787242883856225
2021-09-12,TOILET_PAPER,22,23.0,4.570953667151465
2021-09-12,SURFACE_CLEANING_WIPE,4,4.0,0.83108248493663
2021-09-12,PUZZLES,15,15.0,3.1165593185123623
2021-09-12,BAKING_PAN,10,11.0,2.0777062123415746
2021-09-12,BLANKET,31,32.0,6.440889258258882
2021-09-12,DRINKING_CUP,26,26.0,5.402036152088095
2021-09-19,TOILET_PAPER,20,22.0,4.156275976724855
2021-09-19,SURFACE_CLEANING_WIPE,6,6.0,1.2468827930174564
2021-09-19,PUZZLES,11,11.0,2.28595178719867
2021-09-19,BAKING_PAN,9,10.0,1.8703241895261844
2021-09-19,BLANKET,17,18.0,3.5328345802161265
2021-09-19,DRINKING_CUP,34,36.0,7.065669160432253
2021-09-26,TOILET_PAPER,31,35.0,6.440889258258882
2021-09-26,SURFACE_CLEANING_WIPE,4,4.0,0.83108248493663
2021-09-26,PUZZLES,10,10.0,2.0777062123415746
2021-09-26,BAKING_PAN,6,6.0,1.246623727404945
2021-09-26,BLANKET,26,27.0,5.402036152088095
2021-09-26,DRINKING_CUP,33,34.0,6.856430500727197
2021-10-03,TOILET_PAPER,25,30.0,5.19318653926049
2021-10-03,SURFACE_CLEANING_WIPE,13,15.0,2.700457000415455
2021-10-03,PUZZLES,16,17.0,3.3236393851267136
2021-10-03,BAKING_PAN,2,2.0,0.4154549231408392
2021-10-03,BLANKET,23,23.0,4.7777316161196515
2021-10-03,DRINKING_CUP,28,28.0,5.816368923971749
2021-10-10,TOILET_PAPER,24,25.0,4.982354162341706
2021-10-10,SURFACE_CLEANING_WIPE,10,10.0,2.075980900975711
2021-10-10,PUZZLES,18,19.0,3.7367656217562795
2021-10-10,BAKING_PAN,7,7.0,1.4531866306829977
2021-10-10,BLANKET,14,14.0,2.9063732613659954
2021-10-10,DRINKING_CUP,16,18.0,3.3215694415611376
2021-10-17,TOILET_PAPER,19,21.0,3.9435450394354503
2021-10-17,SURFACE_CLEANING_WIPE,14,23.0,2.9057700290577007
2021-10-17,PUZZLES,15,16.0,3.1133250311332503
2021-10-17,BAKING_PAN,5,5.0,1.03777501037775
2021-10-17,BLANKET,27,30.0,5.603985056039851
2021-10-17,DRINKING_CUP,32,36.0,6.641760066417601
2021-10-24,TOILET_PAPER,17,17.0,3.5284350352843505
2021-10-24,SURFACE_CLEANING_WIPE,8,9.0,1.6604400166044002
2021-10-24,PUZZLES,14,15.0,2.9057700290577007
2021-10-24,BAKING_PAN,8,8.0,1.6604400166044002
2021-10-24,BLANKET,32,37.0,6.641760066417601
2021-10-24,DRINKING_CUP,31,37.0,6.434205064342051
2021-10-31,TOILET_PAPER,21,22.0,4.3604651162790695
2021-10-31,SURFACE_CLEANING_WIPE,7,16.0,1.4534883720930232
2021-10-31,PUZZLES,13,13.0,2.6993355481727574
2021-10-31,BAKING_PAN,19,19.0,3.9451827242524917
2021-10-31,BLANKET,38,38.0,7.8903654485049834
2021-10-31,DRINKING_CUP,27,29.0,5.606312292358805
2021-11-07,TOILET_PAPER,17,19.0,3.5284350352843505
2021-11-07,SURFACE_CLEANING_WIPE,4,5.0,0.8302200083022001
2021-11-07,PUZZLES,21,21.0,4.35865504358655
2021-11-07,BAKING_PAN,9,9.0,1.8679950186799503
2021-11-07,BLANKET,37,37.0,7.679535076795351
2021-11-07,DRINKING_CUP,24,27.0,4.981320049813201
2021-11-14,TOILET_PAPER,13,15.0,2.6987751712684243
2021-11-14,SURFACE_CLEANING_WIPE,7,7.0,1.4531866306829977
2021-11-14,PUZZLES,19,19.0,3.944363711853851
2021-11-14,BAKING_PAN,15,18.0,3.1139713514635665
2021-11-14,BLANKET,34,36.0,7.058335063317417
2021-11-14,DRINKING_CUP,59,65.0,12.248287315756695
2021-11-21,TOILET_PAPER,26,30.0,5.394190871369294
2021-11-21,SURFACE_CLEANING_WIPE,8,8.0,1.6597510373443982
2021-11-21,PUZZLES,48,49.0,9.95850622406639
2021-11-21,BAKING_PAN,17,20.0,3.5269709543568464
2021-11-21,BLANKET,44,46.0,9.128630705394192
2021-11-21,DRINKING_CUP,61,66.0,12.655601659751037
2021-11-28,TOILET_PAPER,30,32.0,6.221484861053505
2021-11-28,SURFACE_CLEANING_WIPE,8,8.0,1.6590626296142679
2021-11-28,PUZZLES,41,46.0,8.502695976773124
2021-11-28,BAKING_PAN,15,16.0,3.1107424305267526
2021-11-28,BLANKET,55,56.0,11.40605557859809
2021-11-28,DRINKING_CUP,69,78.0,14.309415180423061
2021-12-05,TOILET_PAPER,17,17.0,3.5240464344941955
2021-12-05,SURFACE_CLEANING_WIPE,4,4.0,0.8291873963515755
2021-12-05,PUZZLES,55,56.0,11.401326699834163
2021-12-05,BAKING_PAN,19,19.0,3.938640132669984
2021-12-05,BLANKET,60,63.0,12.437810945273633
2021-12-05,DRINKING_CUP,101,105.0,20.93698175787728
2021-12-12,TOILET_PAPER,27,30.0,5.595854922279792
2021-12-12,SURFACE_CLEANING_WIPE,8,11.0,1.6580310880829017
2021-12-12,PUZZLES,52,52.0,10.77720207253886
2021-12-12,BAKING_PAN,14,14.0,2.901554404145078
2021-12-12,BLANKET,71,71.0,14.715025906735752
2021-12-12,DRINKING_CUP,132,135.0,27.357512953367873
2021-12-19,TOILET_PAPER,23,25.0,4.772774434529985
2021-12-19,SURFACE_CLEANING_WIPE,11,11.0,2.2826312512969498
2021-12-19,PUZZLES,25,25.0,5.187798298402158
2021-12-19,BAKING_PAN,15,15.0,3.112678979041295
2021-12-19,BLANKET,53,56.0,10.998132392612575
2021-12-19,DRINKING_CUP,64,67.0,13.280763643909525
2021-12-26,TOILET_PAPER,19,19.0,3.9492828933693622
2021-12-26,SURFACE_CLEANING_WIPE,10,13.0,2.0785699438786116
2021-12-26,PUZZLES,9,9.0,1.8707129494907504
2021-12-26,BAKING_PAN,6,6.0,1.247141966327167
2021-12-26,BLANKET,21,22.0,4.364996882145084
2021-12-26,DRINKING_CUP,20,20.0,4.157139887757223
2022-01-02,TOILET_PAPER,18,19.0,3.7383177570093458
2022-01-02,SURFACE_CLEANING_WIPE,20,23.0,4.153686396677051
2022-01-02,PUZZLES,12,12.0,2.492211838006231
2022-01-02,BAKING_PAN,10,11.0,2.0768431983385254
2022-01-02,BLANKET,15,17.0,3.115264797507788
2022-01-02,DRINKING_CUP,28,29.0,5.815160955347871
2022-01-09,TOILET_PAPER,24,27.0,4.987531172069826
2022-01-09,SURFACE_CLEANING_WIPE,6,6.0,1.2468827930174564
2022-01-09,PUZZLES,21,22.0,4.364089775561097
2022-01-09,BAKING_PAN,8,9.0,1.6625103906899419
2022-01-09,BLANKET,35,37.0,7.273482959268495
2022-01-09,DRINKING_CUP,32,32.0,6.6500415627597675
2022-01-16,TOILET_PAPER,21,25.0,4.364996882145084
2022-01-16,SURFACE_CLEANING_WIPE,10,10.0,2.0785699438786116
2022-01-16,PUZZLES,6,7.0,1.247141966327167
2022-01-16,BAKING_PAN,7,7.0,1.454998960715028
2022-01-16,BLANKET,22,34.0,4.572853876532945
2022-01-16,DRINKING_CUP,29,31.0,6.027852837247973
2022-01-23,TOILET_PAPER,23,23.0,4.782699105843211
2022-01-23,SURFACE_CLEANING_WIPE,7,7.0,1.455604075691412
2022-01-23,PUZZLES,19,19.0,3.9509253483052604
2022-01-23,BAKING_PAN,11,12.0,2.2873778332293617
2022-01-23,BLANKET,19,22.0,3.9509253483052604
2022-01-23,DRINKING_CUP,28,29.0,5.822416302765648
2022-01-30,TOILET_PAPER,18,18.0,3.7445392136467652
2022-01-30,SURFACE_CLEANING_WIPE,12,14.0,2.49635947576451
2022-01-30,PUZZLES,19,19.0,3.952569169960474
2022-01-30,BAKING_PAN,9,9.0,1.8722696068233826
2022-01-30,BLANKET,25,25.0,5.20074890784273
2022-01-30,DRINKING_CUP,37,47.0,7.697108383607239
2022-02-06,TOILET_PAPER,16,16.0,3.3312513012700395
2022-02-06,SURFACE_CLEANING_WIPE,4,4.0,0.8328128253175099
2022-02-06,PUZZLES,23,24.0,4.788673745575682
2022-02-06,BAKING_PAN,8,10.0,1.6656256506350198
2022-02-06,BLANKET,27,27.0,5.621486570893191
2022-02-06,DRINKING_CUP,44,44.0,9.160941078492609
2022-02-13,TOILET_PAPER,17,19.0,3.5424046676390915
2022-02-13,SURFACE_CLEANING_WIPE,11,13.0,2.2921441967076475
2022-02-13,PUZZLES,15,15.0,3.1256511773286104
2022-02-13,BAKING_PAN,6,6.0,1.250260470931444
2022-02-13,BLANKET,20,20.0,4.167534903104814
2022-02-13,DRINKING_CUP,21,22.0,4.375911648260054
2022-02-20,TOILET_PAPER,32,34.0,6.672226855713094
2022-02-20,SURFACE_CLEANING_WIPE,7,7.0,1.4595496246872393
2022-02-20,PUZZLES,21,21.0,4.378648874061717
2022-02-20,BAKING_PAN,5,5.0,1.042535446205171
2022-02-20,BLANKET,22,22.0,4.587155963302752
2022-02-20,DRINKING_CUP,24,28.0,5.004170141784821
2022-02-27,TOILET_PAPER,20,21.0,4.174493842621582
2022-02-27,SURFACE_CLEANING_WIPE,10,11.0,2.087246921310791
2022-02-27,PUZZLES,14,14.0,2.9221456898351077
2022-02-27,BAKING_PAN,8,8.0,1.6697975370486329
2022-02-27,BLANKET,19,19.0,3.965769150490503
2022-02-27,DRINKING_CUP,34,38.0,7.09663953245669
2022-03-06,TOILET_PAPER,23,28.0,4.809703053115851
2022-03-06,SURFACE_CLEANING_WIPE,2,2.0,0.4182350480970305
2022-03-06,PUZZLES,11,11.0,2.300292764533668
2022-03-06,BAKING_PAN,8,8.0,1.672940192388122
2022-03-06,BLANKET,16,17.0,3.345880384776244
2022-03-06,DRINKING_CUP,27,27.0,5.646173149309912
2022-03-13,TOILET_PAPER,16,16.0,3.3521893987010265
2022-03-13,SURFACE_CLEANING_WIPE,9,9.0,1.8856065367693275
2022-03-13,PUZZLES,25,25.0,5.237795935470354
2022-03-13,BAKING_PAN,11,11.0,2.304630211606956
2022-03-13,BLANKET,19,20.0,3.980724910957469
2022-03-13,DRINKING_CUP,32,35.0,6.704378797402053
2022-03-20,TOILET_PAPER,25,27.0,5.243288590604027
2022-03-20,SURFACE_CLEANING_WIPE,8,9.0,1.6778523489932886
2022-03-20,PUZZLES,16,16.0,3.3557046979865772
2022-03-20,BAKING_PAN,6,7.0,1.2583892617449663
2022-03-20,BLANKET,22,23.0,4.614093959731544
2022-03-20,DRINKING_CUP,29,30.0,6.082214765100671
2022-03-27,TOILET_PAPER,21,23.0,4.410838059231254
2022-03-27,SURFACE_CLEANING_WIPE,10,11.0,2.1003990758244067
2022-03-27,PUZZLES,15,16.0,3.15059861373661
2022-03-27,BAKING_PAN,4,4.0,0.8401596303297626
2022-03-27,BLANKET,14,14.0,2.940558706154169
2022-03-27,DRINKING_CUP,25,26.0,5.250997689561016
2022-04-03,TOILET_PAPER,25,25.0,5.258729490954985
2022-04-03,SURFACE_CLEANING_WIPE,14,14.0,2.944888514934792
2022-04-03,PUZZLES,17,17.0,3.57593605384939
2022-04-03,BAKING_PAN,8,8.0,1.6827934371055953
2022-04-03,BLANKET,20,21.0,4.206983592763988
2022-04-03,DRINKING_CUP,36,36.0,7.572570466975179
2022-04-10,TOILET_PAPER,23,23.0,4.84822934232715
2022-04-10,SURFACE_CLEANING_WIPE,11,13.0,2.318718381112985
2022-04-10,PUZZLES,20,20.0,4.2158516020236085
2022-04-10,BAKING_PAN,9,10.0,1.8971332209106238
2022-04-10,BLANKET,18,18.0,3.7942664418212475
2022-04-10,DRINKING_CUP,27,34.0,5.691399662731872
2022-04-17,TOILET_PAPER,27,28.0,5.693800084352594
2022-04-17,SURFACE_CLEANING_WIPE,7,8.0,1.4761703922395613
2022-04-17,PUZZLES,5,5.0,1.054407423028258
2022-04-17,BAKING_PAN,7,7.0,1.4761703922395613
2022-04-17,BLANKET,15,16.0,3.163222269084774
2022-04-17,DRINKING_CUP,33,35.0,6.959088991986504
2022-04-24,TOILET_PAPER,20,20.0,4.223864836325237
2022-04-24,SURFACE_CLEANING_WIPE,8,8.0,1.689545934530095
2022-04-24,PUZZLES,9,9.0,1.9007391763463568
2022-04-24,BAKING_PAN,4,4.0,0.8447729672650475
2022-04-24,BLANKET,23,24.0,4.857444561774023
2022-04-24,DRINKING_CUP,41,43.0,8.658922914466737
2022-05-01,TOILET_PAPER,24,25.0,5.070779632368477
2022-05-01,SURFACE_CLEANING_WIPE,7,8.0,1.478977392774139
2022-05-01,PUZZLES,14,14.0,2.957954785548278
2022-05-01,BAKING_PAN,7,7.0,1.478977392774139
2022-05-01,BLANKET,20,20.0,4.225649693640397
2022-05-01,DRINKING_CUP,45,46.0,9.507711810690893
2022-05-08,TOILET_PAPER,14,17.0,2.96421765826805
2022-05-08,SURFACE_CLEANING_WIPE,8,11.0,1.6938386618674572
2022-05-08,PUZZLES,6,6.0,1.270378996400593
2022-05-08,BAKING_PAN,7,7.0,1.482108829134025
2022-05-08,BLANKET,21,21.0,4.446326487402075
2022-05-08,DRINKING_CUP,31,36.0,6.5636248147363965
2022-05-15,TOILET_PAPER,21,23.0,4.45859872611465
2022-05-15,SURFACE_CLEANING_WIPE,7,8.0,1.48619957537155
2022-05-15,PUZZLES,9,9.0,1.910828025477707
2022-05-15,BAKING_PAN,6,6.0,1.2738853503184713
2022-05-15,BLANKET,18,18.0,3.821656050955414
2022-05-15,DRINKING_CUP,25,28.0,5.307855626326964
2022-05-22,TOILET_PAPER,32,32.0,6.807062327164433
2022-05-22,SURFACE_CLEANING_WIPE,6,6.0,1.2763241863433312
2022-05-22,PUZZLES,9,9.0,1.9144862795149968
2022-05-22,BAKING_PAN,11,13.0,2.339927674962774
2022-05-22,BLANKET,11,11.0,2.339927674962774
2022-05-22,DRINKING_CUP,25,25.0,5.318017443097213
2022-05-29,TOILET_PAPER,25,30.0,5.322546306152864
2022-05-29,SURFACE_CLEANING_WIPE,6,9.0,1.2774111134766872
2022-05-29,PUZZLES,10,10.0,2.1290185224611453
2022-05-29,BAKING_PAN,5,6.0,1.0645092612305727
2022-05-29,BLANKET,27,30.0,5.748350010645092
2022-05-29,DRINKING_CUP,26,26.0,5.535448158398978
2022-06-05,TOILET_PAPER,22,23.0,4.689831592411
2022-06-05,SURFACE_CLEANING_WIPE,4,4.0,0.8526966531656363
2022-06-05,PUZZLES,17,17.0,3.6239607759539547
2022-06-05,BAKING_PAN,7,9.0,1.4922191430398635
2022-06-05,BLANKET,18,19.0,3.8371349392453635
2022-06-05,DRINKING_CUP,34,34.0,7.247921551907909
2022-06-12,TOILET_PAPER,27,29.0,5.77046377431075
2022-06-12,SURFACE_CLEANING_WIPE,14,15.0,2.992092327420389
2022-06-12,PUZZLES,22,23.0,4.701859371660611
2022-06-12,BAKING_PAN,3,3.0,0.6411626415900834
2022-06-12,BLANKET,14,15.0,2.992092327420389
2022-06-12,DRINKING_CUP,48,49.0,10.258602265441334
2022-06-19,TOILET_PAPER,25,26.0,5.352172982230786
2022-06-19,SURFACE_CLEANING_WIPE,6,6.0,1.2845215157353884
2022-06-19,PUZZLES,18,19.0,3.8535645472061657
2022-06-19,BAKING_PAN,3,3.0,0.6422607578676942
2022-06-19,BLANKET,15,15.0,3.2113037893384715
2022-06-19,DRINKING_CUP,31,33.0,6.636694497966174
2022-06-26,TOILET_PAPER,25,25.0,5.364806866952789
2022-06-26,SURFACE_CLEANING_WIPE,8,10.0,1.7167381974248925
2022-06-26,PUZZLES,15,15.0,3.218884120171674
2022-06-26,BAKING_PAN,4,5.0,0.8583690987124463
2022-06-26,BLANKET,21,21.0,4.506437768240343
2022-06-26,DRINKING_CUP,28,28.0,6.008583690987125
2022-07-03,TOILET_PAPER,21,22.0,4.525862068965518
2022-07-03,SURFACE_CLEANING_WIPE,12,12.0,2.586206896551724
2022-07-03,PUZZLES,13,13.0,2.8017241379310343
2022-07-03,BAKING_PAN,11,12.0,2.3706896551724137
2022-07-03,BLANKET,16,16.0,3.4482758620689653
2022-07-03,DRINKING_CUP,20,29.0,4.310344827586206
2022-07-10,TOILET_PAPER,47,51.0,10.151187904967603
2022-07-10,SURFACE_CLEANING_WIPE,15,15.0,3.239740820734341
2022-07-10,PUZZLES,18,18.0,3.8876889848812093
2022-07-10,BAKING_PAN,6,6.0,1.2958963282937366
2022-07-10,BLANKET,25,25.0,5.399568034557235
2022-07-10,DRINKING_CUP,29,33.0,6.263498920086393
2022-07-17,TOILET_PAPER,16,19.0,3.4662045060658575
2022-07-17,SURFACE_CLEANING_WIPE,6,6.0,1.2998266897746968
2022-07-17,PUZZLES,18,18.0,3.89948006932409
2022-07-17,BAKING_PAN,11,14.0,2.383015597920277
2022-07-17,BLANKET,27,29.0,5.849220103986135
2022-07-17,DRINKING_CUP,26,27.0,5.6325823223570195
2022-07-24,TOILET_PAPER,12,13.0,2.608128667680939
2022-07-24,SURFACE_CLEANING_WIPE,6,6.0,1.3040643338404696
2022-07-24,PUZZLES,9,9.0,1.9560965007607043
2022-07-24,BAKING_PAN,4,4.0,0.869376222560313
2022-07-24,BLANKET,17,18.0,3.69484894588133
2022-07-24,DRINKING_CUP,25,25.0,5.4336013910019565
2022-07-31,TOILET_PAPER,25,26.0,5.448997384481255
2022-07-31,SURFACE_CLEANING_WIPE,9,9.0,1.961639058413252
2022-07-31,PUZZLES,12,12.0,2.615518744551003
2022-07-31,BAKING_PAN,5,5.0,1.0897994768962511
2022-07-31,BLANKET,22,23.0,4.795117698343505
2022-07-31,DRINKING_CUP,32,33.0,6.974716652136007
2022-08-07,TOILET_PAPER,20,21.0,4.366812227074235
2022-08-07,SURFACE_CLEANING_WIPE,9,9.0,1.9650655021834063
2022-08-07,PUZZLES,10,10.0,2.1834061135371177
2022-08-07,BAKING_PAN,11,12.0,2.4017467248908297
2022-08-07,BLANKET,24,26.0,5.240174672489083
2022-08-07,DRINKING_CUP,35,35.0,7.641921397379912
2022-08-14,TOILET_PAPER,19,19.0,4.168494953927161
2022-08-14,SURFACE_CLEANING_WIPE,8,8.0,1.7551557700745941
2022-08-14,PUZZLES,12,12.0,2.6327336551118914
2022-08-14,BAKING_PAN,13,13.0,2.8521281263712153
2022-08-14,BLANKET,15,17.0,3.290917068889864
2022-08-14,DRINKING_CUP,34,34.0,7.459412022817025
2022-08-21,TOILET_PAPER,31,34.0,6.8266901563532265
2022-08-21,SURFACE_CLEANING_WIPE,5,5.0,1.101079057476327
2022-08-21,PUZZLES,9,9.0,1.9819423034573882
2022-08-21,BAKING_PAN,5,6.0,1.101079057476327
2022-08-21,BLANKET,21,21.0,4.624532041400573
2022-08-21,DRINKING_CUP,36,36.0,7.927769213829553
2022-08-28,TOILET_PAPER,32,34.0,7.078080070780801
2022-08-28,SURFACE_CLEANING_WIPE,14,15.0,3.0966600309666004
2022-08-28,PUZZLES,8,8.0,1.7695200176952002
2022-08-28,BAKING_PAN,6,6.0,1.3271400132714002
2022-08-28,BLANKET,23,24.0,5.0873700508737
2022-08-28,DRINKING_CUP,30,33.0,6.635700066357001
2022-09-04,TOILET_PAPER,19,20.0,4.217536071032186
2022-09-04,SURFACE_CLEANING_WIPE,8,10.0,1.7758046614872365
2022-09-04,PUZZLES,13,13.0,2.885682574916759
2022-09-04,BAKING_PAN,11,12.0,2.44173140954495
2022-09-04,BLANKET,18,18.0,3.9955604883462823
2022-09-04,DRINKING_CUP,28,29.0,6.215316315205327
2022-09-11,TOILET_PAPER,26,33.0,5.820461159614954
2022-09-11,SURFACE_CLEANING_WIPE,7,8.0,1.5670472352809492
2022-09-11,PUZZLES,15,15.0,3.3579583613163195
2022-09-11,BAKING_PAN,8,8.0,1.7909111260353705
2022-09-11,BLANKET,20,24.0,4.477277815088426
2022-09-11,DRINKING_CUP,25,26.0,5.596597268860533
2022-09-18,TOILET_PAPER,21,21.0,4.73186119873817
2022-09-18,SURFACE_CLEANING_WIPE,3,3.0,0.6759801712483101
2022-09-18,PUZZLES,12,12.0,2.7039206849932405
2022-09-18,BAKING_PAN,9,9.0,2.0279405137449302
2022-09-18,BLANKET,24,33.0,5.407841369986481
2022-09-18,DRINKING_CUP,27,28.0,6.08382154123479
2022-09-25,TOILET_PAPER,23,24.0,5.213055303717135
2022-09-25,SURFACE_CLEANING_WIPE,10,13.0,2.2665457842248413
2022-09-25,PUZZLES,13,13.0,2.946509519492294
2022-09-25,BAKING_PAN,4,4.0,0.9066183136899365
2022-09-25,BLANKET,31,31.0,7.026291931097008
2022-09-25,DRINKING_CUP,29,31.0,6.57298277425204
2022-10-02,TOILET_PAPER,21,22.0,4.80439258750858
2022-10-02,SURFACE_CLEANING_WIPE,10,10.0,2.2878059940517046
2022-10-02,PUZZLES,12,12.0,2.7453671928620453
2022-10-02,BAKING_PAN,4,4.0,0.9151223976206818
2022-10-02,BLANKET,23,23.0,5.26195378631892
2022-10-02,DRINKING_CUP,23,27.0,5.26195378631892
2022-10-09,TOILET_PAPER,18,18.0,4.161849710982659
2022-10-09,SURFACE_CLEANING_WIPE,6,6.0,1.3872832369942196
2022-10-09,PUZZLES,17,20.0,3.930635838150289
2022-10-09,BAKING_PAN,9,9.0,2.0809248554913293
2022-10-09,BLANKET,31,33.0,7.167630057803468
2022-10-09,DRINKING_CUP,40,41.0,9.248554913294798
2022-10-16,TOILET_PAPER,28,29.0,6.568144499178982
2022-10-16,SURFACE_CLEANING_WIPE,9,9.0,2.11118930330753
2022-10-16,PUZZLES,6,7.0,1.4074595355383532
2022-10-16,BAKING_PAN,5,6.0,1.172882946281961
2022-10-16,BLANKET,29,29.0,6.802721088435374
2022-10-16,DRINKING_CUP,25,33.0,5.864414731409806
2022-10-23,TOILET_PAPER,32,32.0,7.629947544110634
2022-10-23,SURFACE_CLEANING_WIPE,12,13.0,2.8612303290414878
2022-10-23,PUZZLES,24,24.0,5.7224606580829755
2022-10-23,BAKING_PAN,8,8.0,1.9074868860276586
2022-10-23,BLANKET,21,24.0,5.007153075822604
2022-10-23,DRINKING_CUP,31,31.0,7.3915116833571775
2022-10-30,TOILET_PAPER,28,31.0,6.819288845591816
2022-10-30,SURFACE_CLEANING_WIPE,9,9.0,2.19191427179737
2022-10-30,PUZZLES,19,19.0,4.627374573794447
2022-10-30,BAKING_PAN,6,6.0,1.4612761811982464
2022-10-30,BLANKET,30,31.0,7.306380905991232
2022-10-30,DRINKING_CUP,24,24.0,5.845104724792986
2022-11-06,TOILET_PAPER,18,20.0,4.527162977867204
2022-11-06,SURFACE_CLEANING_WIPE,7,7.0,1.7605633802816902
2022-11-06,PUZZLES,19,19.0,4.778672032193159
2022-11-06,BAKING_PAN,12,12.0,3.0181086519114686
2022-11-06,BLANKET,33,37.0,8.29979879275654
2022-11-06,DRINKING_CUP,37,39.0,9.305835010060363
2022-11-13,TOILET_PAPER,25,29.0,6.599788806758183
2022-11-13,SURFACE_CLEANING_WIPE,7,7.0,1.8479408658922913
2022-11-13,PUZZLES,29,30.0,7.655755015839493
2022-11-13,BAKING_PAN,19,19.0,5.01583949313622
2022-11-13,BLANKET,61,63.0,16.103484688489967
2022-11-13,DRINKING_CUP,43,43.0,11.351636747624076
2022-11-20,TOILET_PAPER,24,30.0,6.972690296339338
2022-11-20,SURFACE_CLEANING_WIPE,9,9.0,2.6147588611272514
2022-11-20,PUZZLES,66,66.0,19.17489831493318
2022-11-20,BAKING_PAN,8,8.0,2.324230098779779
2022-11-20,BLANKET,69,71.0,20.046484601975592
2022-11-20,DRINKING_CUP,56,58.0,16.269610691458453
2022-11-27,TOILET_PAPER,15,15.0,5.020080321285141
2022-11-27,SURFACE_CLEANING_WIPE,9,10.0,3.0120481927710845
2022-11-27,PUZZLES,40,42.0,13.386880856760374
2022-11-27,BAKING_PAN,14,14.0,4.685408299866132
2022-11-27,BLANKET,47,47.0,15.729585006693442
2022-11-27,DRINKING_CUP,59,63.0,19.745649263721553
2022-12-04,TOILET_PAPER,18,21.0,6.713912719134651
2022-12-04,SURFACE_CLEANING_WIPE,4,4.0,1.4919806042521448
2022-12-04,PUZZLES,37,37.0,13.800820589332337
2022-12-04,BAKING_PAN,10,11.0,3.729951510630362
2022-12-04,BLANKET,41,45.0,15.292801193584484
2022-12-04,DRINKING_CUP,77,77.0,28.720626631853786
2022-12-11,TOILET_PAPER,17,17.0,6.890960680989056
2022-12-11,SURFACE_CLEANING_WIPE,7,7.0,2.837454398054317
2022-12-11,PUZZLES,49,50.0,19.862180786380218
2022-12-11,BAKING_PAN,17,18.0,6.890960680989056
2022-12-11,BLANKET,59,61.0,23.91568706931496
2022-12-11,DRINKING_CUP,89,91.0,36.07620591811917
2022-12-18,TOILET_PAPER,12,12.0,6.075949367088607
2022-12-18,SURFACE_CLEANING_WIPE,2,2.0,1.0126582278481013
2022-12-18,PUZZLES,27,27.0,13.670886075949367
2022-12-18,BAKING_PAN,4,4.0,2.0253164556962027
2022-12-18,BLANKET,43,43.0,21.772151898734176
2022-12-18,DRINKING_CUP,55,59.0,27.848101265822784
2022-12-25,TOILET_PAPER,14,15.0,10.518407212622089
2022-12-25,SURFACE_CLEANING_WIPE,5,6.0,3.756574004507889
2022-12-25,PUZZLES,12,12.0,9.015777610818933
2022-12-25,BAKING_PAN,5,5.0,3.756574004507889
2022-12-25,BLANKET,19,19.0,14.274981217129978
2022-12-25,DRINKING_CUP,29,31.0,21.788129226145756
