week,product_type,review_count,avg_rating,share_1star,share_5star,verified_share
2017-12-31,BAKING_PAN,345,4.507,0.046,0.774,0.968
2018-01-07,BAKING_PAN,477,4.499,0.057,0.763,0.983
2018-01-14,BAKING_PAN,410,4.493,0.044,0.751,0.966
2018-01-21,BAKING_PAN,443,4.454,0.05,0.756,0.973
2018-01-28,BAKING_PAN,420,4.529,0.05,0.779,0.971
2018-02-04,BAKING_PAN,385,4.405,0.081,0.779,0.982
2018-02-11,BAKING_PAN,428,4.472,0.058,0.773,0.972
2018-02-18,BAKING_PAN,396,4.639,0.03,0.821,0.967
2018-02-25,BAKING_PAN,466,4.586,0.039,0.798,0.951
2018-03-04,BAKING_PAN,474,4.532,0.042,0.778,0.97
2018-03-11,BAKING_PAN,379,4.522,0.047,0.773,0.955
2018-03-18,BAKING_PAN,446,4.491,0.049,0.762,0.964
2018-03-25,BAKING_PAN,399,4.526,0.048,0.777,0.965
2018-04-01,BAKING_PAN,393,4.448,0.066,0.758,0.949
2018-04-08,BAKING_PAN,397,4.554,0.043,0.776,0.985
2018-04-15,BAKING_PAN,417,4.412,0.072,0.751,0.983
2018-04-22,BAKING_PAN,379,4.536,0.042,0.77,0.989
2018-04-29,BAKING_PAN,321,4.464,0.062,0.751,0.96
2018-05-06,BAKING_PAN,318,4.393,0.053,0.726,0.991
2018-05-13,BAKING_PAN,307,4.511,0.046,0.788,0.974
2018-05-20,BAKING_PAN,336,4.527,0.048,0.774,0.991
2018-05-27,BAKING_PAN,318,4.403,0.05,0.726,0.991
2018-06-03,BAKING_PAN,320,4.447,0.066,0.788,0.981
2018-06-10,BAKING_PAN,340,4.438,0.071,0.747,0.988
2018-06-17,BAKING_PAN,332,4.509,0.048,0.783,0.97
2018-06-24,BAKING_PAN,326,4.564,0.046,0.798,0.985
2018-07-01,BAKING_PAN,304,4.457,0.059,0.734,0.97
2018-07-08,BAKING_PAN,316,4.487,0.063,0.766,0.959
2018-07-15,BAKING_PAN,272,4.426,0.085,0.761,0.974
2018-07-22,BAKING_PAN,322,4.407,0.075,0.748,0.922
2018-07-29,BAKING_PAN,359,4.46,0.058,0.78,0.967
2018-08-05,BAKING_PAN,336,4.565,0.057,0.818,0.982
2018-08-12,BAKING_PAN,318,4.516,0.044,0.783,0.959
2018-08-19,BAKING_PAN,322,4.401,0.081,0.748,0.963
2018-08-26,BAKING_PAN,327,4.544,0.055,0.807,0.963
2018-09-02,BAKING_PAN,321,4.586,0.044,0.801,0.972
2018-09-09,BAKING_PAN,303,4.439,0.073,0.762,0.977
2018-09-16,BAKING_PAN,312,4.474,0.074,0.785,0.962
2018-09-23,BAKING_PAN,348,4.618,0.043,0.83,0.954
2018-09-30,BAKING_PAN,323,4.471,0.074,0.78,0.954
2018-10-07,BAKING_PAN,341,4.425,0.059,0.733,0.971
2018-10-14,BAKING_PAN,361,4.479,0.066,0.789,0.958
2018-10-21,BAKING_PAN,345,4.51,0.058,0.803,0.954
2018-10-28,BAKING_PAN,403,4.578,0.047,0.809,0.98
2018-11-04,BAKING_PAN,413,4.501,0.058,0.772,0.954
2018-11-11,BAKING_PAN,413,4.436,0.065,0.76,0.964
2018-11-18,BAKING_PAN,464,4.282,0.112,0.737,0.959
2018-11-25,BAKING_PAN,553,4.452,0.067,0.781,0.978
2018-12-02,BAKING_PAN,444,4.491,0.065,0.773,0.975
2018-12-09,BAKING_PAN,576,4.62,0.042,0.818,0.969
2018-12-16,BAKING_PAN,570,4.463,0.061,0.765,0.965
2018-12-23,BAKING_PAN,636,4.459,0.083,0.788,0.956
2018-12-30,BAKING_PAN,654,4.515,0.069,0.81,0.948
2019-01-06,BAKING_PAN,645,4.575,0.054,0.819,0.964
2019-01-13,BAKING_PAN,625,4.714,0.03,0.864,0.965
2019-01-20,BAKING_PAN,546,4.614,0.038,0.813,0.958
2019-01-27,BAKING_PAN,534,4.448,0.071,0.77,0.97
2019-02-03,BAKING_PAN,494,4.506,0.067,0.791,0.976
2019-02-10,BAKING_PAN,458,4.461,0.063,0.76,0.954
2019-02-17,BAKING_PAN,506,4.472,0.065,0.771,0.966
2019-02-24,BAKING_PAN,471,4.471,0.066,0.786,0.979
2019-03-03,BAKING_PAN,446,4.379,0.085,0.751,0.969
2019-03-10,BAKING_PAN,458,4.539,0.059,0.797,0.98
2019-03-17,BAKING_PAN,483,4.518,0.07,0.801,0.961
2019-03-24,BAKING_PAN,438,4.521,0.066,0.801,0.986
2019-03-31,BAKING_PAN,462,4.578,0.052,0.814,0.976
2019-04-07,BAKING_PAN,472,4.559,0.064,0.809,0.981
2019-04-14,BAKING_PAN,454,4.493,0.075,0.793,0.963
2019-04-21,BAKING_PAN,423,4.487,0.073,0.792,0.967
2019-04-28,BAKING_PAN,455,4.492,0.068,0.802,0.971
2019-05-05,BAKING_PAN,418,4.538,0.057,0.792,0.971
2019-05-12,BAKING_PAN,453,4.609,0.049,0.823,0.967
2019-05-19,BAKING_PAN,421,4.468,0.074,0.784,0.967
2019-05-26,BAKING_PAN,447,4.579,0.049,0.821,0.969
2019-06-02,BAKING_PAN,422,4.564,0.04,0.784,0.969
2019-06-09,BAKING_PAN,455,4.457,0.075,0.787,0.98
2019-06-16,BAKING_PAN,668,4.599,0.046,0.82,0.981
2019-06-23,BAKING_PAN,528,4.585,0.055,0.826,0.987
2019-06-30,BAKING_PAN,610,4.687,0.028,0.848,0.975
2019-07-07,BAKING_PAN,626,4.618,0.042,0.81,0.965
2019-07-14,BAKING_PAN,597,4.576,0.054,0.816,0.938
2019-07-21,BAKING_PAN,545,4.635,0.044,0.829,0.958
2019-07-28,BAKING_PAN,503,4.551,0.05,0.791,0.97
2019-08-04,BAKING_PAN,403,4.474,0.074,0.767,0.98
2019-08-11,BAKING_PAN,466,4.515,0.058,0.785,0.981
2019-08-18,BAKING_PAN,541,4.556,0.061,0.815,0.978
2019-08-25,BAKING_PAN,439,4.485,0.068,0.788,0.977
2019-09-01,BAKING_PAN,389,4.488,0.067,0.789,0.974
2019-09-08,BAKING_PAN,431,4.464,0.072,0.78,0.972
2019-09-15,BAKING_PAN,430,4.467,0.074,0.781,0.984
2019-09-22,BAKING_PAN,482,4.641,0.041,0.838,0.963
2019-09-29,BAKING_PAN,475,4.537,0.065,0.817,0.949
2019-10-06,BAKING_PAN,467,4.572,0.049,0.814,0.972
2019-10-13,BAKING_PAN,450,4.538,0.053,0.813,0.967
2019-10-20,BAKING_PAN,481,4.453,0.085,0.794,0.973
2019-10-27,BAKING_PAN,445,4.501,0.063,0.784,0.969
2019-11-03,BAKING_PAN,577,4.513,0.061,0.802,0.972
2019-11-10,BAKING_PAN,556,4.563,0.052,0.822,0.969
2019-11-17,BAKING_PAN,620,4.594,0.05,0.831,0.942
2019-11-24,BAKING_PAN,543,4.372,0.096,0.761,0.948
2019-12-01,BAKING_PAN,612,4.479,0.072,0.788,0.974
2019-12-08,BAKING_PAN,998,4.557,0.048,0.791,0.976
2019-12-15,BAKING_PAN,1052,4.523,0.062,0.798,0.979
2019-12-22,BAKING_PAN,1133,4.535,0.058,0.807,0.976
2019-12-29,BAKING_PAN,1361,4.647,0.042,0.84,0.97
2020-01-05,BAKING_PAN,1214,4.573,0.043,0.797,0.98
2020-01-12,BAKING_PAN,1075,4.593,0.042,0.813,0.986
2020-01-19,BAKING_PAN,812,4.59,0.054,0.821,0.978
2020-01-26,BAKING_PAN,871,4.572,0.042,0.803,0.982
2020-02-02,BAKING_PAN,897,4.516,0.062,0.795,0.982
2020-02-09,BAKING_PAN,857,4.508,0.06,0.792,0.98
2020-02-16,BAKING_PAN,819,4.574,0.051,0.808,0.984
2020-02-23,BAKING_PAN,789,4.499,0.06,0.778,0.987
2020-03-01,BAKING_PAN,747,4.55,0.056,0.801,0.975
2020-03-08,BAKING_PAN,709,4.501,0.061,0.786,0.98
2020-03-15,BAKING_PAN,432,4.528,0.056,0.794,0.981
2020-03-22,BAKING_PAN,428,4.451,0.075,0.78,0.963
2020-03-29,BAKING_PAN,325,4.258,0.098,0.714,0.978
2020-04-05,BAKING_PAN,362,4.296,0.091,0.729,0.975
2020-04-12,BAKING_PAN,440,4.191,0.123,0.702,0.975
2020-04-19,BAKING_PAN,524,4.132,0.132,0.679,0.977
2020-04-26,BAKING_PAN,622,4.183,0.116,0.701,0.974
2020-05-03,BAKING_PAN,602,4.226,0.12,0.723,0.972
2020-05-10,BAKING_PAN,686,4.249,0.089,0.707,0.959
2020-05-17,BAKING_PAN,709,4.351,0.094,0.757,0.972
2020-05-24,BAKING_PAN,740,4.346,0.092,0.742,0.978
2020-05-31,BAKING_PAN,712,4.272,0.121,0.729,0.975
2020-06-07,BAKING_PAN,677,4.278,0.092,0.709,0.978
2020-06-14,BAKING_PAN,652,4.256,0.11,0.719,0.975
2020-06-21,BAKING_PAN,677,4.369,0.075,0.746,0.985
2020-06-28,BAKING_PAN,626,4.404,0.073,0.767,0.981
2020-07-05,BAKING_PAN,666,4.291,0.102,0.727,0.982
2020-07-12,BAKING_PAN,758,4.328,0.092,0.739,0.983
2020-07-19,BAKING_PAN,701,4.347,0.09,0.746,0.983
2020-07-26,BAKING_PAN,676,4.357,0.089,0.75,0.982
2020-08-02,BAKING_PAN,755,4.244,0.117,0.723,0.967
2020-08-09,BAKING_PAN,642,4.283,0.101,0.72,0.975
2020-08-16,BAKING_PAN,770,4.365,0.081,0.739,0.978
2020-08-23,BAKING_PAN,609,4.371,0.087,0.749,0.987
2020-08-30,BAKING_PAN,639,4.275,0.099,0.717,0.972
2020-09-06,BAKING_PAN,677,4.409,0.068,0.753,0.985
2020-09-13,BAKING_PAN,627,4.352,0.085,0.743,0.967
2020-09-20,BAKING_PAN,664,4.378,0.084,0.744,0.973
2020-09-27,BAKING_PAN,627,4.364,0.086,0.746,0.963
2020-10-04,BAKING_PAN,608,4.433,0.074,0.762,0.982
2020-10-11,BAKING_PAN,615,4.41,0.073,0.761,0.971
2020-10-18,BAKING_PAN,685,4.378,0.083,0.745,0.968
2020-10-25,BAKING_PAN,714,4.345,0.091,0.744,0.965
2020-11-01,BAKING_PAN,610,4.254,0.107,0.731,0.966
2020-11-08,BAKING_PAN,662,4.292,0.101,0.73,0.982
2020-11-15,BAKING_PAN,671,4.323,0.109,0.741,0.976
2020-11-22,BAKING_PAN,649,4.079,0.149,0.68,0.966
2020-11-29,BAKING_PAN,830,4.366,0.09,0.751,0.975
2020-12-06,BAKING_PAN,814,4.319,0.09,0.727,0.98
2020-12-13,BAKING_PAN,857,4.354,0.089,0.747,0.971
2020-12-20,BAKING_PAN,804,4.32,0.095,0.733,0.966
2020-12-27,BAKING_PAN,957,4.409,0.083,0.762,0.962
2021-01-03,BAKING_PAN,862,4.37,0.09,0.749,0.965
2021-01-10,BAKING_PAN,922,4.375,0.091,0.754,0.975
2021-01-17,BAKING_PAN,775,4.378,0.079,0.755,0.968
2021-01-24,BAKING_PAN,799,4.348,0.08,0.743,0.969
2021-01-31,BAKING_PAN,796,4.416,0.067,0.764,0.969
2021-02-07,BAKING_PAN,711,4.321,0.087,0.723,0.969
2021-02-14,BAKING_PAN,923,4.405,0.077,0.763,0.974
2021-02-21,BAKING_PAN,982,4.371,0.081,0.758,0.98
2021-02-28,BAKING_PAN,921,4.441,0.076,0.773,0.983
2021-03-07,BAKING_PAN,893,4.385,0.081,0.755,0.972
2021-03-14,BAKING_PAN,828,4.329,0.089,0.736,0.973
2021-03-21,BAKING_PAN,779,4.412,0.081,0.769,0.982
2021-03-28,BAKING_PAN,783,4.308,0.105,0.742,0.978
2021-04-04,BAKING_PAN,813,4.401,0.079,0.769,0.973
2021-04-11,BAKING_PAN,779,4.327,0.091,0.733,0.976
2021-04-18,BAKING_PAN,755,4.381,0.083,0.747,0.962
2021-04-25,BAKING_PAN,716,4.346,0.084,0.744,0.979
2021-05-02,BAKING_PAN,683,4.357,0.081,0.745,0.974
2021-05-09,BAKING_PAN,618,4.301,0.095,0.728,0.977
2021-05-16,BAKING_PAN,564,4.342,0.094,0.736,0.972
2021-05-23,BAKING_PAN,548,4.352,0.099,0.737,0.971
2021-05-30,BAKING_PAN,583,4.247,0.113,0.727,0.986
2021-06-06,BAKING_PAN,550,4.382,0.078,0.751,0.975
2021-06-13,BAKING_PAN,484,4.236,0.114,0.702,0.969
2021-06-20,BAKING_PAN,478,4.406,0.067,0.747,0.964
2021-06-27,BAKING_PAN,527,4.368,0.078,0.742,0.968
2021-07-04,BAKING_PAN,522,4.412,0.086,0.761,0.966
2021-07-11,BAKING_PAN,453,4.32,0.099,0.737,0.967
2021-07-18,BAKING_PAN,471,4.291,0.098,0.724,0.964
2021-07-25,BAKING_PAN,457,4.322,0.088,0.72,0.972
2021-08-01,BAKING_PAN,441,4.469,0.07,0.78,0.964
2021-08-08,BAKING_PAN,462,4.383,0.087,0.768,0.957
2021-08-15,BAKING_PAN,416,4.322,0.099,0.743,0.971
2021-08-22,BAKING_PAN,386,4.308,0.104,0.736,0.966
2021-08-29,BAKING_PAN,403,4.37,0.082,0.734,0.965
2021-09-05,BAKING_PAN,430,4.351,0.088,0.742,0.97
2021-09-12,BAKING_PAN,399,4.298,0.103,0.752,0.972
2021-09-19,BAKING_PAN,413,4.179,0.123,0.697,0.978
2021-09-26,BAKING_PAN,380,4.326,0.1,0.75,0.976
2021-10-03,BAKING_PAN,421,4.254,0.102,0.722,0.974
2021-10-10,BAKING_PAN,424,4.245,0.099,0.712,0.976
2021-10-17,BAKING_PAN,408,4.213,0.132,0.725,0.941
2021-10-24,BAKING_PAN,419,4.356,0.088,0.742,0.976
2021-10-31,BAKING_PAN,436,4.365,0.087,0.75,0.975
2021-11-07,BAKING_PAN,409,4.225,0.12,0.733,0.971
2021-11-14,BAKING_PAN,444,4.311,0.104,0.745,0.962
2021-11-21,BAKING_PAN,515,4.006,0.15,0.654,0.984
2021-11-28,BAKING_PAN,495,4.19,0.115,0.715,0.968
2021-12-05,BAKING_PAN,629,4.258,0.103,0.727,0.986
2021-12-12,BAKING_PAN,556,4.254,0.103,0.707,0.975
2021-12-19,BAKING_PAN,579,4.268,0.1,0.725,0.979
2021-12-26,BAKING_PAN,629,4.199,0.114,0.698,0.97
2022-01-02,BAKING_PAN,618,4.324,0.086,0.725,0.969
2022-01-09,BAKING_PAN,584,4.325,0.098,0.74,0.966
2022-01-16,BAKING_PAN,562,4.333,0.094,0.747,0.97
2022-01-23,BAKING_PAN,475,4.219,0.103,0.707,0.971
2022-01-30,BAKING_PAN,443,4.262,0.097,0.718,0.964
2022-02-06,BAKING_PAN,467,4.233,0.12,0.73,0.989
2022-02-13,BAKING_PAN,426,4.195,0.127,0.714,0.988
2022-02-20,BAKING_PAN,479,4.132,0.142,0.689,0.952
2022-02-27,BAKING_PAN,458,4.312,0.081,0.71,0.983
2022-03-06,BAKING_PAN,430,4.116,0.135,0.688,0.979
2022-03-13,BAKING_PAN,429,4.224,0.119,0.711,0.986
2022-03-20,BAKING_PAN,444,4.243,0.11,0.725,0.986
2022-03-27,BAKING_PAN,445,4.267,0.097,0.71,0.984
2022-04-03,BAKING_PAN,456,4.175,0.129,0.697,0.989
2022-04-10,BAKING_PAN,444,4.214,0.128,0.709,0.98
2022-04-17,BAKING_PAN,405,4.059,0.141,0.644,0.993
2022-04-24,BAKING_PAN,393,4.097,0.145,0.684,0.98
2022-05-01,BAKING_PAN,357,4.109,0.143,0.686,0.969
2022-05-08,BAKING_PAN,378,4.045,0.159,0.672,0.979
2022-05-15,BAKING_PAN,367,4.253,0.114,0.741,0.973
2022-05-22,BAKING_PAN,357,4.185,0.112,0.686,0.978
2022-05-29,BAKING_PAN,358,4.14,0.14,0.679,0.972
2022-06-05,BAKING_PAN,351,4.105,0.131,0.681,0.983
2022-06-12,BAKING_PAN,371,4.135,0.119,0.693,0.962
2022-06-19,BAKING_PAN,339,4.183,0.13,0.693,0.982
2022-06-26,BAKING_PAN,306,4.16,0.121,0.673,0.987
2022-07-03,BAKING_PAN,367,4.215,0.12,0.706,0.973
2022-07-10,BAKING_PAN,324,4.179,0.127,0.698,0.966
2022-07-17,BAKING_PAN,358,4.237,0.103,0.715,0.969
2022-07-24,BAKING_PAN,375,4.224,0.12,0.717,0.944
2022-07-31,BAKING_PAN,373,4.188,0.115,0.681,0.979
2022-08-07,BAKING_PAN,397,4.199,0.118,0.695,0.975
2022-08-14,BAKING_PAN,365,4.225,0.118,0.712,0.97
2022-08-21,BAKING_PAN,345,4.217,0.119,0.701,0.977
2022-08-28,BAKING_PAN,329,4.106,0.131,0.669,0.985
2022-09-04,BAKING_PAN,361,4.335,0.091,0.751,0.975
2022-09-11,BAKING_PAN,337,4.16,0.131,0.709,0.979
2022-09-18,BAKING_PAN,374,4.342,0.091,0.757,0.981
2022-09-25,BAKING_PAN,320,4.303,0.088,0.731,0.978
2022-10-02,BAKING_PAN,399,4.281,0.098,0.734,0.967
2022-10-09,BAKING_PAN,374,4.211,0.104,0.684,0.949
2022-10-16,BAKING_PAN,343,4.087,0.128,0.665,0.965
2022-10-23,BAKING_PAN,336,4.134,0.116,0.658,0.976
2022-10-30,BAKING_PAN,361,4.122,0.133,0.684,0.964
2022-11-06,BAKING_PAN,410,4.127,0.146,0.685,0.971
2022-11-13,BAKING_PAN,412,4.138,0.126,0.68,0.988
2022-11-20,BAKING_PAN,362,3.906,0.174,0.619,0.975
2022-11-27,BAKING_PAN,437,4.167,0.114,0.686,0.977
2022-12-04,BAKING_PAN,463,4.389,0.086,0.767,0.987
2022-12-11,BAKING_PAN,426,4.298,0.094,0.721,0.969
2022-12-18,BAKING_PAN,419,4.165,0.122,0.692,0.986
2022-12-25,BAKING_PAN,540,4.206,0.109,0.689,0.967
2017-12-31,BLANKET,637,4.322,0.082,0.708,0.936
2018-01-07,BLANKET,916,4.31,0.076,0.694,0.956
2018-01-14,BLANKET,765,4.352,0.067,0.718,0.946
2018-01-21,BLANKET,821,4.42,0.057,0.722,0.959
2018-01-28,BLANKET,711,4.377,0.072,0.717,0.97
2018-02-04,BLANKET,661,4.377,0.071,0.725,0.953
2018-02-11,BLANKET,625,4.36,0.061,0.709,0.968
2018-02-18,BLANKET,657,4.344,0.073,0.723,0.971
2018-02-25,BLANKET,768,4.296,0.078,0.699,0.966
2018-03-04,BLANKET,752,4.387,0.069,0.727,0.971
2018-03-11,BLANKET,593,4.25,0.094,0.7,0.961
2018-03-18,BLANKET,693,4.372,0.078,0.736,0.974
2018-03-25,BLANKET,534,4.213,0.092,0.655,0.972
2018-04-01,BLANKET,531,4.275,0.079,0.697,0.979
2018-04-08,BLANKET,536,4.459,0.054,0.729,0.966
2018-04-15,BLANKET,556,4.293,0.076,0.683,0.977
2018-04-22,BLANKET,498,4.347,0.078,0.715,0.974
2018-04-29,BLANKET,423,4.288,0.078,0.693,0.972
2018-05-06,BLANKET,398,4.294,0.083,0.704,0.977
2018-05-13,BLANKET,373,4.314,0.08,0.705,0.976
2018-05-20,BLANKET,417,4.309,0.084,0.695,0.95
2018-05-27,BLANKET,395,4.327,0.063,0.696,0.952
2018-06-03,BLANKET,394,4.294,0.089,0.698,0.959
2018-06-10,BLANKET,389,4.422,0.046,0.717,0.974
2018-06-17,BLANKET,422,4.336,0.078,0.716,0.95
2018-06-24,BLANKET,398,4.379,0.06,0.709,0.965
2018-07-01,BLANKET,401,4.436,0.06,0.746,0.958
2018-07-08,BLANKET,382,4.39,0.063,0.736,0.945
2018-07-15,BLANKET,417,4.314,0.067,0.71,0.916
2018-07-22,BLANKET,420,4.438,0.064,0.752,0.931
2018-07-29,BLANKET,464,4.39,0.052,0.713,0.959
2018-08-05,BLANKET,382,4.393,0.065,0.728,0.969
2018-08-12,BLANKET,420,4.393,0.052,0.726,0.943
2018-08-19,BLANKET,427,4.389,0.073,0.721,0.946
2018-08-26,BLANKET,377,4.39,0.066,0.729,0.96
2018-09-02,BLANKET,423,4.357,0.073,0.709,0.939
2018-09-09,BLANKET,427,4.351,0.087,0.735,0.937
2018-09-16,BLANKET,429,4.396,0.065,0.744,0.942
2018-09-23,BLANKET,442,4.353,0.077,0.724,0.952
2018-09-30,BLANKET,447,4.36,0.072,0.714,0.946
2018-10-07,BLANKET,546,4.381,0.071,0.723,0.934
2018-10-14,BLANKET,621,4.357,0.072,0.733,0.918
2018-10-21,BLANKET,683,4.351,0.079,0.725,0.914
2018-10-28,BLANKET,637,4.405,0.063,0.73,0.912
2018-11-04,BLANKET,704,4.391,0.072,0.734,0.916
2018-11-11,BLANKET,763,4.291,0.093,0.712,0.916
2018-11-18,BLANKET,772,4.294,0.089,0.703,0.896
2018-11-25,BLANKET,913,4.272,0.087,0.692,0.917
2018-12-02,BLANKET,903,4.342,0.076,0.723,0.909
2018-12-09,BLANKET,1051,4.415,0.07,0.748,0.942
2018-12-16,BLANKET,962,4.377,0.073,0.734,0.927
2018-12-23,BLANKET,1224,4.467,0.064,0.77,0.92
2018-12-30,BLANKET,1300,4.448,0.064,0.752,0.925
2019-01-06,BLANKET,1273,4.455,0.058,0.754,0.936
2019-01-13,BLANKET,1084,4.437,0.065,0.759,0.94
2019-01-20,BLANKET,945,4.415,0.07,0.733,0.959
2019-01-27,BLANKET,958,4.312,0.088,0.711,0.942
2019-02-03,BLANKET,889,4.31,0.092,0.733,0.936
2019-02-10,BLANKET,790,4.308,0.085,0.715,0.927
2019-02-17,BLANKET,881,4.341,0.089,0.733,0.948
2019-02-24,BLANKET,898,4.394,0.073,0.755,0.961
2019-03-03,BLANKET,942,4.373,0.071,0.739,0.962
2019-03-10,BLANKET,890,4.415,0.069,0.755,0.965
2019-03-17,BLANKET,853,4.417,0.076,0.761,0.955
2019-03-24,BLANKET,751,4.399,0.075,0.744,0.959
2019-03-31,BLANKET,732,4.41,0.064,0.745,0.945
2019-04-07,BLANKET,696,4.431,0.063,0.759,0.943
2019-04-14,BLANKET,684,4.313,0.094,0.716,0.949
2019-04-21,BLANKET,612,4.44,0.062,0.747,0.956
2019-04-28,BLANKET,729,4.41,0.073,0.754,0.941
2019-05-05,BLANKET,700,4.517,0.053,0.784,0.953
2019-05-12,BLANKET,685,4.556,0.041,0.785,0.962
2019-05-19,BLANKET,629,4.417,0.062,0.757,0.944
2019-05-26,BLANKET,602,4.482,0.051,0.769,0.939
2019-06-02,BLANKET,641,4.382,0.075,0.733,0.941
2019-06-09,BLANKET,712,4.459,0.039,0.744,0.945
2019-06-16,BLANKET,880,4.467,0.059,0.764,0.959
2019-06-23,BLANKET,841,4.461,0.059,0.76,0.962
2019-06-30,BLANKET,846,4.563,0.04,0.775,0.969
2019-07-07,BLANKET,932,4.558,0.036,0.792,0.964
2019-07-14,BLANKET,979,4.482,0.068,0.782,0.938
2019-07-21,BLANKET,1034,4.524,0.047,0.779,0.941
2019-07-28,BLANKET,945,4.46,0.059,0.756,0.941
2019-08-04,BLANKET,736,4.438,0.058,0.731,0.958
2019-08-11,BLANKET,811,4.483,0.057,0.763,0.946
2019-08-18,BLANKET,898,4.433,0.059,0.742,0.944
2019-08-25,BLANKET,897,4.478,0.055,0.764,0.936
2019-09-01,BLANKET,811,4.46,0.052,0.744,0.936
2019-09-08,BLANKET,779,4.488,0.046,0.756,0.938
2019-09-15,BLANKET,753,4.475,0.06,0.765,0.954
2019-09-22,BLANKET,777,4.427,0.063,0.743,0.938
2019-09-29,BLANKET,843,4.407,0.083,0.762,0.947
2019-10-06,BLANKET,924,4.333,0.087,0.722,0.949
2019-10-13,BLANKET,924,4.318,0.089,0.722,0.965
2019-10-20,BLANKET,911,4.414,0.072,0.748,0.943
2019-10-27,BLANKET,1011,4.406,0.069,0.749,0.951
2019-11-03,BLANKET,1168,4.406,0.076,0.756,0.949
2019-11-10,BLANKET,1227,4.413,0.077,0.761,0.943
2019-11-17,BLANKET,1255,4.402,0.068,0.747,0.943
2019-11-24,BLANKET,997,4.39,0.076,0.733,0.924
2019-12-01,BLANKET,1328,4.273,0.097,0.716,0.921
2019-12-08,BLANKET,2184,4.404,0.07,0.739,0.94
2019-12-15,BLANKET,2170,4.45,0.063,0.76,0.938
2019-12-22,BLANKET,2525,4.465,0.064,0.772,0.933
2019-12-29,BLANKET,3288,4.51,0.057,0.782,0.934
2020-01-05,BLANKET,3209,4.558,0.048,0.797,0.956
2020-01-12,BLANKET,2571,4.502,0.053,0.776,0.951
2020-01-19,BLANKET,1759,4.428,0.069,0.745,0.949
2020-01-26,BLANKET,1961,4.538,0.05,0.789,0.953
2020-02-02,BLANKET,1854,4.439,0.073,0.768,0.961
2020-02-09,BLANKET,1810,4.435,0.074,0.764,0.959
2020-02-16,BLANKET,1768,4.376,0.079,0.739,0.955
2020-02-23,BLANKET,1632,4.434,0.066,0.75,0.948
2020-03-01,BLANKET,1449,4.44,0.068,0.766,0.955
2020-03-08,BLANKET,1322,4.448,0.065,0.76,0.97
2020-03-15,BLANKET,772,4.29,0.095,0.711,0.957
2020-03-22,BLANKET,675,4.253,0.092,0.696,0.954
2020-03-29,BLANKET,676,4.251,0.095,0.695,0.954
2020-04-05,BLANKET,644,4.337,0.084,0.727,0.964
2020-04-12,BLANKET,788,4.187,0.1,0.669,0.947
2020-04-19,BLANKET,729,4.28,0.095,0.709,0.933
2020-04-26,BLANKET,913,4.355,0.076,0.723,0.966
2020-05-03,BLANKET,954,4.37,0.073,0.735,0.944
2020-05-10,BLANKET,1045,4.249,0.102,0.707,0.938
2020-05-17,BLANKET,1026,4.391,0.071,0.742,0.953
2020-05-24,BLANKET,917,4.334,0.077,0.723,0.949
2020-05-31,BLANKET,859,4.27,0.097,0.712,0.946
2020-06-07,BLANKET,894,4.333,0.077,0.736,0.955
2020-06-14,BLANKET,815,4.236,0.098,0.694,0.957
2020-06-21,BLANKET,848,4.356,0.077,0.733,0.955
2020-06-28,BLANKET,859,4.283,0.087,0.704,0.967
2020-07-05,BLANKET,906,4.265,0.079,0.696,0.947
2020-07-12,BLANKET,1025,4.381,0.072,0.737,0.958
2020-07-19,BLANKET,1020,4.337,0.075,0.722,0.952
2020-07-26,BLANKET,1041,4.372,0.067,0.739,0.943
2020-08-02,BLANKET,959,4.346,0.084,0.738,0.95
2020-08-09,BLANKET,964,4.39,0.07,0.737,0.937
2020-08-16,BLANKET,1016,4.408,0.069,0.756,0.944
2020-08-23,BLANKET,1002,4.366,0.07,0.736,0.938
2020-08-30,BLANKET,1367,4.537,0.057,0.807,0.958
2020-09-06,BLANKET,1052,4.333,0.087,0.73,0.949
2020-09-13,BLANKET,1022,4.442,0.057,0.754,0.929
2020-09-20,BLANKET,981,4.324,0.097,0.739,0.936
2020-09-27,BLANKET,1086,4.449,0.067,0.772,0.952
2020-10-04,BLANKET,1107,4.424,0.07,0.754,0.954
2020-10-11,BLANKET,1162,4.297,0.089,0.724,0.943
2020-10-18,BLANKET,1310,4.365,0.083,0.744,0.934
2020-10-25,BLANKET,1312,4.332,0.082,0.72,0.943
2020-11-01,BLANKET,1087,4.272,0.105,0.717,0.954
2020-11-08,BLANKET,1200,4.302,0.081,0.723,0.95
2020-11-15,BLANKET,1303,4.293,0.088,0.716,0.945
2020-11-22,BLANKET,1068,4.221,0.099,0.691,0.941
2020-11-29,BLANKET,1488,4.261,0.097,0.713,0.952
2020-12-06,BLANKET,1460,4.207,0.098,0.685,0.948
2020-12-13,BLANKET,1518,4.33,0.087,0.727,0.933
2020-12-20,BLANKET,1638,4.306,0.096,0.728,0.933
2020-12-27,BLANKET,2470,4.47,0.066,0.777,0.924
2021-01-03,BLANKET,2575,4.513,0.057,0.79,0.949
2021-01-10,BLANKET,2191,4.481,0.058,0.774,0.952
2021-01-17,BLANKET,1961,4.47,0.062,0.77,0.959
2021-01-24,BLANKET,1626,4.379,0.085,0.75,0.945
2021-01-31,BLANKET,1506,4.335,0.088,0.732,0.943
2021-02-07,BLANKET,1456,4.35,0.087,0.747,0.938
2021-02-14,BLANKET,1722,4.322,0.091,0.73,0.954
2021-02-21,BLANKET,1718,4.374,0.081,0.743,0.957
2021-02-28,BLANKET,1731,4.399,0.079,0.75,0.954
2021-03-07,BLANKET,1528,4.383,0.08,0.75,0.95
2021-03-14,BLANKET,1557,4.377,0.076,0.751,0.945
2021-03-21,BLANKET,1591,4.384,0.083,0.751,0.938
2021-03-28,BLANKET,1379,4.355,0.076,0.735,0.946
2021-04-04,BLANKET,1381,4.382,0.078,0.744,0.948
2021-04-11,BLANKET,1646,4.377,0.08,0.755,0.956
2021-04-18,BLANKET,1396,4.434,0.06,0.756,0.966
2021-04-25,BLANKET,1239,4.329,0.086,0.735,0.947
2021-05-02,BLANKET,1193,4.339,0.08,0.726,0.953
2021-05-09,BLANKET,1041,4.315,0.089,0.728,0.948
2021-05-16,BLANKET,953,4.319,0.087,0.73,0.939
2021-05-23,BLANKET,951,4.282,0.086,0.715,0.953
2021-05-30,BLANKET,1002,4.356,0.072,0.734,0.945
2021-06-06,BLANKET,962,4.244,0.1,0.703,0.945
2021-06-13,BLANKET,926,4.355,0.079,0.746,0.949
2021-06-20,BLANKET,876,4.323,0.082,0.719,0.932
2021-06-27,BLANKET,1089,4.343,0.076,0.731,0.933
2021-07-04,BLANKET,992,4.38,0.06,0.731,0.927
2021-07-11,BLANKET,941,4.344,0.078,0.731,0.943
2021-07-18,BLANKET,923,4.362,0.075,0.739,0.943
2021-07-25,BLANKET,825,4.221,0.102,0.699,0.931
2021-08-01,BLANKET,1129,4.459,0.07,0.778,0.939
2021-08-08,BLANKET,852,4.227,0.097,0.695,0.952
2021-08-15,BLANKET,796,4.261,0.092,0.706,0.931
2021-08-22,BLANKET,790,4.272,0.085,0.708,0.929
2021-08-29,BLANKET,712,4.278,0.09,0.715,0.917
2021-09-05,BLANKET,707,4.231,0.098,0.703,0.922
2021-09-12,BLANKET,695,4.206,0.095,0.691,0.929
2021-09-19,BLANKET,683,4.154,0.114,0.671,0.953
2021-09-26,BLANKET,800,4.215,0.103,0.69,0.924
2021-10-03,BLANKET,788,4.251,0.09,0.709,0.93
2021-10-10,BLANKET,738,4.234,0.096,0.695,0.913
2021-10-17,BLANKET,752,4.085,0.13,0.657,0.898
2021-10-24,BLANKET,754,4.142,0.13,0.678,0.92
2021-10-31,BLANKET,828,4.06,0.126,0.652,0.915
2021-11-07,BLANKET,876,4.154,0.106,0.664,0.925
2021-11-14,BLANKET,974,4.085,0.129,0.662,0.928
2021-11-21,BLANKET,897,4.14,0.108,0.661,0.935
2021-11-28,BLANKET,930,4.075,0.129,0.651,0.937
2021-12-05,BLANKET,1100,4.134,0.125,0.681,0.925
2021-12-12,BLANKET,1122,4.094,0.124,0.661,0.932
2021-12-19,BLANKET,1023,4.09,0.139,0.668,0.923
2021-12-26,BLANKET,1657,4.26,0.103,0.712,0.909
2022-01-02,BLANKET,1505,4.185,0.116,0.692,0.934
2022-01-09,BLANKET,1431,4.138,0.11,0.665,0.932
2022-01-16,BLANKET,1321,4.216,0.1,0.693,0.93
2022-01-23,BLANKET,1085,4.108,0.124,0.666,0.935
2022-01-30,BLANKET,1083,4.018,0.144,0.639,0.943
2022-02-06,BLANKET,952,4.068,0.142,0.668,0.938
2022-02-13,BLANKET,857,3.981,0.158,0.643,0.93
2022-02-20,BLANKET,852,4.134,0.136,0.685,0.934
2022-02-27,BLANKET,790,3.98,0.158,0.639,0.939
2022-03-06,BLANKET,794,4.034,0.144,0.642,0.94
2022-03-13,BLANKET,668,4.07,0.142,0.666,0.951
2022-03-20,BLANKET,648,4.123,0.131,0.685,0.941
2022-03-27,BLANKET,662,4.133,0.119,0.668,0.944
2022-04-03,BLANKET,655,4.133,0.121,0.685,0.945
2022-04-10,BLANKET,586,3.98,0.137,0.616,0.944
2022-04-17,BLANKET,607,4.142,0.124,0.689,0.947
2022-04-24,BLANKET,536,4.015,0.144,0.632,0.959
2022-05-01,BLANKET,486,4.115,0.119,0.675,0.947
2022-05-08,BLANKET,615,4.135,0.106,0.662,0.943
2022-05-15,BLANKET,535,4.069,0.133,0.645,0.94
2022-05-22,BLANKET,560,4.189,0.109,0.689,0.945
2022-05-29,BLANKET,521,4.098,0.113,0.656,0.952
2022-06-05,BLANKET,535,4.224,0.095,0.692,0.95
2022-06-12,BLANKET,523,4.136,0.111,0.663,0.941
2022-06-19,BLANKET,443,4.289,0.093,0.731,0.923
2022-06-26,BLANKET,469,4.132,0.111,0.682,0.942
2022-07-03,BLANKET,482,4.098,0.116,0.668,0.934
2022-07-10,BLANKET,513,4.058,0.136,0.655,0.947
2022-07-17,BLANKET,652,4.233,0.094,0.699,0.936
2022-07-24,BLANKET,612,4.243,0.095,0.693,0.938
2022-07-31,BLANKET,614,4.164,0.103,0.648,0.904
2022-08-07,BLANKET,625,4.099,0.122,0.654,0.93
2022-08-14,BLANKET,527,4.061,0.12,0.653,0.932
2022-08-21,BLANKET,547,4.152,0.113,0.675,0.932
2022-08-28,BLANKET,557,4.183,0.097,0.682,0.944
2022-09-04,BLANKET,555,4.141,0.123,0.674,0.932
2022-09-11,BLANKET,568,4.111,0.118,0.658,0.937
2022-09-18,BLANKET,563,4.14,0.117,0.671,0.931
2022-09-25,BLANKET,591,4.081,0.129,0.658,0.885
2022-10-02,BLANKET,731,4.181,0.108,0.698,0.925
2022-10-09,BLANKET,657,4.178,0.108,0.693,0.913
2022-10-16,BLANKET,767,3.967,0.145,0.609,0.898
2022-10-23,BLANKET,712,4.083,0.129,0.657,0.909
2022-10-30,BLANKET,827,4.215,0.097,0.683,0.914
2022-11-06,BLANKET,886,4.059,0.133,0.642,0.929
2022-11-13,BLANKET,916,4.106,0.131,0.677,0.916
2022-11-20,BLANKET,810,4.09,0.133,0.67,0.925
2022-11-27,BLANKET,1094,4.101,0.127,0.676,0.921
2022-12-04,BLANKET,1218,4.219,0.098,0.693,0.92
2022-12-11,BLANKET,1187,4.14,0.118,0.671,0.904
2022-12-18,BLANKET,1149,4.109,0.135,0.673,0.914
2022-12-25,BLANKET,1666,4.204,0.113,0.698,0.885
2017-12-31,DRINKING_CUP,1314,4.455,0.062,0.754,0.919
2018-01-07,DRINKING_CUP,1683,4.467,0.055,0.75,0.938
2018-01-14,DRINKING_CUP,1392,4.457,0.055,0.749,0.937
2018-01-21,DRINKING_CUP,1401,4.46,0.058,0.759,0.941
2018-01-28,DRINKING_CUP,1221,4.395,0.062,0.732,0.946
2018-02-04,DRINKING_CUP,1275,4.307,0.091,0.724,0.929
2018-02-11,DRINKING_CUP,1282,4.394,0.067,0.735,0.943
2018-02-18,DRINKING_CUP,1277,4.423,0.063,0.735,0.948
2018-02-25,DRINKING_CUP,1349,4.343,0.076,0.726,0.941
2018-03-04,DRINKING_CUP,1292,4.384,0.066,0.731,0.945
2018-03-11,DRINKING_CUP,1176,4.349,0.074,0.714,0.938
2018-03-18,DRINKING_CUP,1173,4.424,0.058,0.734,0.943
2018-03-25,DRINKING_CUP,1109,4.408,0.058,0.74,0.949
2018-04-01,DRINKING_CUP,1120,4.338,0.065,0.701,0.95
2018-04-08,DRINKING_CUP,1166,4.406,0.052,0.731,0.953
2018-04-15,DRINKING_CUP,1199,4.389,0.066,0.73,0.96
2018-04-22,DRINKING_CUP,1211,4.272,0.091,0.7,0.932
2018-04-29,DRINKING_CUP,1112,4.309,0.083,0.711,0.949
2018-05-06,DRINKING_CUP,1039,4.306,0.076,0.706,0.952
2018-05-13,DRINKING_CUP,1037,4.36,0.067,0.711,0.95
2018-05-20,DRINKING_CUP,1082,4.324,0.075,0.713,0.957
2018-05-27,DRINKING_CUP,1087,4.349,0.087,0.732,0.956
2018-06-03,DRINKING_CUP,1122,4.418,0.061,0.745,0.946
2018-06-10,DRINKING_CUP,1129,4.406,0.068,0.746,0.963
2018-06-17,DRINKING_CUP,1235,4.436,0.074,0.756,0.953
2018-06-24,DRINKING_CUP,1169,4.495,0.052,0.763,0.949
2018-07-01,DRINKING_CUP,1211,4.351,0.075,0.725,0.953
2018-07-08,DRINKING_CUP,1162,4.41,0.075,0.754,0.952
2018-07-15,DRINKING_CUP,1194,4.326,0.084,0.722,0.93
2018-07-22,DRINKING_CUP,1210,4.461,0.055,0.759,0.931
2018-07-29,DRINKING_CUP,1308,4.398,0.07,0.736,0.937
2018-08-05,DRINKING_CUP,1185,4.348,0.087,0.732,0.942
2018-08-12,DRINKING_CUP,1146,4.344,0.079,0.738,0.945
2018-08-19,DRINKING_CUP,1100,4.426,0.063,0.758,0.945
2018-08-26,DRINKING_CUP,985,4.381,0.076,0.74,0.943
2018-09-02,DRINKING_CUP,1032,4.452,0.068,0.77,0.945
2018-09-09,DRINKING_CUP,1072,4.382,0.077,0.739,0.949
2018-09-16,DRINKING_CUP,1050,4.371,0.081,0.741,0.963
2018-09-23,DRINKING_CUP,1082,4.426,0.069,0.759,0.945
2018-09-30,DRINKING_CUP,948,4.391,0.085,0.749,0.943
2018-10-07,DRINKING_CUP,1092,4.361,0.088,0.74,0.936
2018-10-14,DRINKING_CUP,1128,4.41,0.073,0.747,0.942
2018-10-21,DRINKING_CUP,1094,4.481,0.061,0.775,0.937
2018-10-28,DRINKING_CUP,1125,4.434,0.06,0.753,0.946
2018-11-04,DRINKING_CUP,1107,4.44,0.066,0.756,0.937
2018-11-11,DRINKING_CUP,1092,4.394,0.07,0.766,0.926
2018-11-18,DRINKING_CUP,1116,4.54,0.052,0.799,0.924
2018-11-25,DRINKING_CUP,1435,4.498,0.058,0.782,0.93
2018-12-02,DRINKING_CUP,1497,4.427,0.069,0.766,0.929
2018-12-09,DRINKING_CUP,1908,4.508,0.058,0.789,0.933
2018-12-16,DRINKING_CUP,1972,4.477,0.067,0.79,0.939
2018-12-23,DRINKING_CUP,2388,4.567,0.056,0.813,0.927
2018-12-30,DRINKING_CUP,2318,4.487,0.061,0.783,0.935
2019-01-06,DRINKING_CUP,2176,4.469,0.063,0.773,0.946
2019-01-13,DRINKING_CUP,1991,4.498,0.061,0.78,0.941
2019-01-20,DRINKING_CUP,1763,4.463,0.064,0.777,0.955
2019-01-27,DRINKING_CUP,1640,4.449,0.067,0.766,0.949
2019-02-03,DRINKING_CUP,1545,4.445,0.065,0.769,0.953
2019-02-10,DRINKING_CUP,1484,4.426,0.074,0.771,0.951
2019-02-17,DRINKING_CUP,1501,4.386,0.08,0.749,0.941
2019-02-24,DRINKING_CUP,1582,4.518,0.056,0.791,0.96
2019-03-03,DRINKING_CUP,1398,4.514,0.049,0.777,0.951
2019-03-10,DRINKING_CUP,1491,4.459,0.073,0.777,0.958
2019-03-17,DRINKING_CUP,1727,4.499,0.061,0.787,0.962
2019-03-24,DRINKING_CUP,1510,4.511,0.062,0.798,0.965
2019-03-31,DRINKING_CUP,1391,4.456,0.071,0.779,0.955
2019-04-07,DRINKING_CUP,1485,4.432,0.062,0.758,0.939
2019-04-14,DRINKING_CUP,1438,4.45,0.062,0.753,0.961
2019-04-21,DRINKING_CUP,1299,4.454,0.064,0.771,0.952
2019-04-28,DRINKING_CUP,1507,4.413,0.07,0.753,0.957
2019-05-05,DRINKING_CUP,1492,4.487,0.061,0.78,0.953
2019-05-12,DRINKING_CUP,1429,4.511,0.059,0.793,0.934
2019-05-19,DRINKING_CUP,1344,4.477,0.057,0.772,0.956
2019-05-26,DRINKING_CUP,1368,4.491,0.051,0.774,0.96
2019-06-02,DRINKING_CUP,1418,4.461,0.068,0.775,0.96
2019-06-09,DRINKING_CUP,1487,4.453,0.072,0.778,0.956
2019-06-16,DRINKING_CUP,2116,4.509,0.057,0.789,0.966
2019-06-23,DRINKING_CUP,1973,4.521,0.054,0.791,0.968
2019-06-30,DRINKING_CUP,2209,4.538,0.051,0.798,0.97
2019-07-07,DRINKING_CUP,2388,4.572,0.051,0.812,0.96
2019-07-14,DRINKING_CUP,2280,4.531,0.055,0.8,0.954
2019-07-21,DRINKING_CUP,2166,4.576,0.049,0.816,0.957
2019-07-28,DRINKING_CUP,1927,4.516,0.058,0.797,0.957
2019-08-04,DRINKING_CUP,1612,4.47,0.071,0.791,0.95
2019-08-11,DRINKING_CUP,1801,4.476,0.055,0.771,0.962
2019-08-18,DRINKING_CUP,1803,4.499,0.062,0.795,0.963
2019-08-25,DRINKING_CUP,1843,4.522,0.06,0.798,0.969
2019-09-01,DRINKING_CUP,1537,4.47,0.074,0.797,0.958
2019-09-08,DRINKING_CUP,1454,4.468,0.063,0.777,0.957
2019-09-15,DRINKING_CUP,1351,4.362,0.089,0.753,0.945
2019-09-22,DRINKING_CUP,1418,4.4,0.068,0.757,0.941
2019-09-29,DRINKING_CUP,1406,4.395,0.077,0.751,0.957
2019-10-06,DRINKING_CUP,1394,4.347,0.076,0.729,0.963
2019-10-13,DRINKING_CUP,1276,4.427,0.074,0.766,0.954
2019-10-20,DRINKING_CUP,1303,4.358,0.084,0.748,0.955
2019-10-27,DRINKING_CUP,1354,4.338,0.089,0.739,0.953
2019-11-03,DRINKING_CUP,1448,4.331,0.094,0.731,0.951
2019-11-10,DRINKING_CUP,1511,4.433,0.065,0.766,0.955
2019-11-17,DRINKING_CUP,1666,4.39,0.07,0.747,0.963
2019-11-24,DRINKING_CUP,1328,4.289,0.093,0.722,0.947
2019-12-01,DRINKING_CUP,1657,4.354,0.082,0.733,0.948
2019-12-08,DRINKING_CUP,3047,4.451,0.066,0.762,0.958
2019-12-15,DRINKING_CUP,3417,4.479,0.064,0.781,0.953
2019-12-22,DRINKING_CUP,3408,4.488,0.063,0.779,0.941
2019-12-29,DRINKING_CUP,4222,4.562,0.048,0.803,0.956
2020-01-05,DRINKING_CUP,4059,4.564,0.05,0.806,0.963
2020-01-12,DRINKING_CUP,3577,4.524,0.058,0.802,0.961
2020-01-19,DRINKING_CUP,2450,4.473,0.061,0.773,0.952
2020-01-26,DRINKING_CUP,2948,4.5,0.057,0.785,0.961
2020-02-02,DRINKING_CUP,2980,4.504,0.064,0.797,0.969
2020-02-09,DRINKING_CUP,2753,4.444,0.065,0.762,0.956
2020-02-16,DRINKING_CUP,2767,4.475,0.059,0.77,0.956
2020-02-23,DRINKING_CUP,2558,4.443,0.066,0.768,0.968
2020-03-01,DRINKING_CUP,2139,4.425,0.073,0.772,0.959
2020-03-08,DRINKING_CUP,2286,4.425,0.07,0.759,0.975
2020-03-15,DRINKING_CUP,1217,4.391,0.08,0.753,0.953
2020-03-22,DRINKING_CUP,1095,4.421,0.067,0.761,0.943
2020-03-29,DRINKING_CUP,746,4.251,0.11,0.727,0.956
2020-04-05,DRINKING_CUP,769,4.204,0.096,0.689,0.939
2020-04-12,DRINKING_CUP,1006,4.232,0.107,0.717,0.963
2020-04-19,DRINKING_CUP,1083,4.246,0.103,0.709,0.963
2020-04-26,DRINKING_CUP,1331,4.271,0.082,0.699,0.949
2020-05-03,DRINKING_CUP,1560,4.321,0.084,0.724,0.942
2020-05-10,DRINKING_CUP,1733,4.407,0.085,0.768,0.93
2020-05-17,DRINKING_CUP,1829,4.463,0.068,0.78,0.938
2020-05-24,DRINKING_CUP,1658,4.391,0.084,0.749,0.962
2020-05-31,DRINKING_CUP,1542,4.368,0.08,0.739,0.951
2020-06-07,DRINKING_CUP,1641,4.361,0.08,0.739,0.952
2020-06-14,DRINKING_CUP,1661,4.409,0.079,0.763,0.949
2020-06-21,DRINKING_CUP,1662,4.33,0.093,0.736,0.951
2020-06-28,DRINKING_CUP,1494,4.359,0.084,0.744,0.96
2020-07-05,DRINKING_CUP,1582,4.307,0.085,0.723,0.963
2020-07-12,DRINKING_CUP,1684,4.322,0.094,0.735,0.963
2020-07-19,DRINKING_CUP,1682,4.28,0.091,0.713,0.961
2020-07-26,DRINKING_CUP,1690,4.294,0.09,0.718,0.95
2020-08-02,DRINKING_CUP,1586,4.282,0.09,0.705,0.951
2020-08-09,DRINKING_CUP,1604,4.302,0.091,0.725,0.956
2020-08-16,DRINKING_CUP,1710,4.296,0.091,0.724,0.967
2020-08-23,DRINKING_CUP,1534,4.268,0.1,0.713,0.957
2020-08-30,DRINKING_CUP,1557,4.363,0.087,0.751,0.947
2020-09-06,DRINKING_CUP,1458,4.293,0.096,0.726,0.942
2020-09-13,DRINKING_CUP,1405,4.317,0.083,0.724,0.948
2020-09-20,DRINKING_CUP,1383,4.282,0.087,0.722,0.967
2020-09-27,DRINKING_CUP,1457,4.266,0.106,0.721,0.947
2020-10-04,DRINKING_CUP,1502,4.312,0.091,0.729,0.944
2020-10-11,DRINKING_CUP,1576,4.339,0.085,0.735,0.949
2020-10-18,DRINKING_CUP,1649,4.307,0.09,0.724,0.955
2020-10-25,DRINKING_CUP,1531,4.321,0.084,0.724,0.954
2020-11-01,DRINKING_CUP,1282,4.285,0.088,0.714,0.956
2020-11-08,DRINKING_CUP,1396,4.351,0.078,0.745,0.951
2020-11-15,DRINKING_CUP,1432,4.287,0.096,0.714,0.946
2020-11-22,DRINKING_CUP,1210,4.302,0.092,0.731,0.942
2020-11-29,DRINKING_CUP,1642,4.313,0.086,0.722,0.94
2020-12-06,DRINKING_CUP,1819,4.274,0.091,0.702,0.933
2020-12-13,DRINKING_CUP,1954,4.322,0.091,0.735,0.934
2020-12-20,DRINKING_CUP,1933,4.323,0.086,0.731,0.917
2020-12-27,DRINKING_CUP,2512,4.34,0.086,0.736,0.932
2021-01-03,DRINKING_CUP,2349,4.347,0.089,0.75,0.929
2021-01-10,DRINKING_CUP,2299,4.407,0.076,0.759,0.949
2021-01-17,DRINKING_CUP,2186,4.338,0.079,0.732,0.947
2021-01-24,DRINKING_CUP,1925,4.33,0.091,0.739,0.959
2021-01-31,DRINKING_CUP,1881,4.315,0.081,0.723,0.962
2021-02-07,DRINKING_CUP,1975,4.298,0.087,0.716,0.952
2021-02-14,DRINKING_CUP,2127,4.325,0.086,0.734,0.964
2021-02-21,DRINKING_CUP,2170,4.305,0.093,0.724,0.967
2021-02-28,DRINKING_CUP,2108,4.311,0.087,0.724,0.968
2021-03-07,DRINKING_CUP,2098,4.327,0.086,0.737,0.969
2021-03-14,DRINKING_CUP,2030,4.366,0.081,0.745,0.971
2021-03-21,DRINKING_CUP,1942,4.326,0.084,0.727,0.957
2021-03-28,DRINKING_CUP,1810,4.299,0.08,0.712,0.957
2021-04-04,DRINKING_CUP,1867,4.357,0.08,0.735,0.97
2021-04-11,DRINKING_CUP,1949,4.348,0.088,0.746,0.971
2021-04-18,DRINKING_CUP,1952,4.315,0.09,0.733,0.96
2021-04-25,DRINKING_CUP,1719,4.303,0.091,0.729,0.969
2021-05-02,DRINKING_CUP,1698,4.249,0.101,0.709,0.962
2021-05-09,DRINKING_CUP,1719,4.234,0.101,0.699,0.945
2021-05-16,DRINKING_CUP,1517,4.291,0.09,0.722,0.956
2021-05-23,DRINKING_CUP,1535,4.227,0.104,0.707,0.962
2021-05-30,DRINKING_CUP,1812,4.297,0.094,0.721,0.964
2021-06-06,DRINKING_CUP,1666,4.304,0.094,0.733,0.968
2021-06-13,DRINKING_CUP,1604,4.26,0.101,0.717,0.96
2021-06-20,DRINKING_CUP,1516,4.299,0.098,0.726,0.946
2021-06-27,DRINKING_CUP,1702,4.316,0.078,0.719,0.961
2021-07-04,DRINKING_CUP,1613,4.278,0.091,0.714,0.95
2021-07-11,DRINKING_CUP,1557,4.272,0.093,0.716,0.944
2021-07-18,DRINKING_CUP,1419,4.261,0.087,0.709,0.959
2021-07-25,DRINKING_CUP,1474,4.201,0.115,0.695,0.951
2021-08-01,DRINKING_CUP,1485,4.25,0.095,0.708,0.962
2021-08-08,DRINKING_CUP,1424,4.212,0.11,0.703,0.959
2021-08-15,DRINKING_CUP,1387,4.198,0.109,0.689,0.948
2021-08-22,DRINKING_CUP,1351,4.249,0.094,0.701,0.962
2021-08-29,DRINKING_CUP,1371,4.221,0.095,0.694,0.966
2021-09-05,DRINKING_CUP,1269,4.213,0.099,0.696,0.953
2021-09-12,DRINKING_CUP,1185,4.148,0.122,0.675,0.948
2021-09-19,DRINKING_CUP,1082,4.155,0.111,0.669,0.954
2021-09-26,DRINKING_CUP,1114,4.143,0.113,0.674,0.95
2021-10-03,DRINKING_CUP,1124,4.152,0.109,0.67,0.956
2021-10-10,DRINKING_CUP,1106,4.141,0.134,0.688,0.956
2021-10-17,DRINKING_CUP,1114,4.158,0.115,0.682,0.919
2021-10-24,DRINKING_CUP,1005,4.073,0.128,0.651,0.939
2021-10-31,DRINKING_CUP,1099,4.049,0.136,0.649,0.955
2021-11-07,DRINKING_CUP,1025,4.128,0.127,0.684,0.949
2021-11-14,DRINKING_CUP,1121,4.177,0.104,0.68,0.96
2021-11-21,DRINKING_CUP,981,4.221,0.094,0.689,0.943
2021-11-28,DRINKING_CUP,1035,4.098,0.129,0.67,0.949
2021-12-05,DRINKING_CUP,1357,4.122,0.127,0.676,0.956
2021-12-12,DRINKING_CUP,1417,4.164,0.114,0.685,0.949
2021-12-19,DRINKING_CUP,1424,4.142,0.129,0.689,0.944
2021-12-26,DRINKING_CUP,1854,4.243,0.106,0.715,0.931
2022-01-02,DRINKING_CUP,1721,4.222,0.103,0.702,0.949
2022-01-09,DRINKING_CUP,1630,4.215,0.109,0.698,0.947
2022-01-16,DRINKING_CUP,1483,4.233,0.096,0.701,0.958
2022-01-23,DRINKING_CUP,1300,4.2,0.11,0.697,0.952
2022-01-30,DRINKING_CUP,1285,4.133,0.121,0.679,0.963
2022-02-06,DRINKING_CUP,1224,4.076,0.122,0.65,0.954
2022-02-13,DRINKING_CUP,1251,4.117,0.112,0.671,0.946
2022-02-20,DRINKING_CUP,1241,4.052,0.134,0.649,0.955
2022-02-27,DRINKING_CUP,1134,4.041,0.131,0.637,0.959
2022-03-06,DRINKING_CUP,1114,4.146,0.11,0.666,0.955
2022-03-13,DRINKING_CUP,1141,4.082,0.127,0.663,0.952
2022-03-20,DRINKING_CUP,1099,4.078,0.137,0.662,0.958
2022-03-27,DRINKING_CUP,1135,4.194,0.103,0.69,0.952
2022-04-03,DRINKING_CUP,1186,4.182,0.104,0.679,0.954
2022-04-10,DRINKING_CUP,1076,4.129,0.119,0.673,0.967
2022-04-17,DRINKING_CUP,1075,4.143,0.122,0.675,0.964
2022-04-24,DRINKING_CUP,1069,4.118,0.121,0.658,0.956
2022-05-01,DRINKING_CUP,968,4.156,0.112,0.668,0.951
2022-05-08,DRINKING_CUP,1068,4.081,0.13,0.66,0.937
2022-05-15,DRINKING_CUP,1062,4.167,0.109,0.684,0.955
2022-05-22,DRINKING_CUP,955,4.164,0.103,0.664,0.953
2022-05-29,DRINKING_CUP,975,4.154,0.109,0.679,0.955
2022-06-05,DRINKING_CUP,918,4.135,0.111,0.666,0.971
2022-06-12,DRINKING_CUP,1031,4.1,0.118,0.665,0.954
2022-06-19,DRINKING_CUP,1079,4.149,0.114,0.665,0.95
2022-06-26,DRINKING_CUP,988,4.115,0.113,0.662,0.936
2022-07-03,DRINKING_CUP,1104,4.168,0.111,0.679,0.954
2022-07-10,DRINKING_CUP,986,4.064,0.127,0.649,0.955
2022-07-17,DRINKING_CUP,1300,4.134,0.121,0.674,0.958
2022-07-24,DRINKING_CUP,1259,4.114,0.123,0.666,0.96
2022-07-31,DRINKING_CUP,1251,4.186,0.103,0.683,0.963
2022-08-07,DRINKING_CUP,1206,4.207,0.112,0.697,0.967
2022-08-14,DRINKING_CUP,1186,4.122,0.121,0.67,0.949
2022-08-21,DRINKING_CUP,1065,4.181,0.115,0.686,0.962
2022-08-28,DRINKING_CUP,1087,4.151,0.113,0.681,0.955
2022-09-04,DRINKING_CUP,1105,4.194,0.106,0.68,0.957
2022-09-11,DRINKING_CUP,1000,4.068,0.131,0.644,0.962
2022-09-18,DRINKING_CUP,1007,4.212,0.107,0.7,0.954
2022-09-25,DRINKING_CUP,1011,4.092,0.123,0.642,0.963
2022-10-02,DRINKING_CUP,1080,4.249,0.098,0.704,0.965
2022-10-09,DRINKING_CUP,944,4.128,0.108,0.655,0.959
2022-10-16,DRINKING_CUP,922,4.026,0.142,0.64,0.957
2022-10-23,DRINKING_CUP,831,4.064,0.134,0.637,0.953
2022-10-30,DRINKING_CUP,912,4.117,0.12,0.668,0.966
2022-11-06,DRINKING_CUP,1008,4.177,0.117,0.693,0.933
2022-11-13,DRINKING_CUP,880,4.174,0.109,0.691,0.945
2022-11-20,DRINKING_CUP,781,4.152,0.1,0.666,0.955
2022-11-27,DRINKING_CUP,935,4.155,0.106,0.664,0.948
2022-12-04,DRINKING_CUP,1071,4.154,0.11,0.673,0.932
2022-12-11,DRINKING_CUP,1134,4.193,0.109,0.69,0.945
2022-12-18,DRINKING_CUP,1156,4.218,0.108,0.706,0.93
2022-12-25,DRINKING_CUP,1534,4.261,0.101,0.709,0.919
2017-12-31,PUZZLES,557,4.248,0.07,0.661,0.939
2018-01-07,PUZZLES,753,4.375,0.053,0.705,0.944
2018-01-14,PUZZLES,603,4.358,0.076,0.73,0.939
2018-01-21,PUZZLES,559,4.27,0.088,0.692,0.936
2018-01-28,PUZZLES,596,4.322,0.064,0.693,0.945
2018-02-04,PUZZLES,479,4.257,0.069,0.664,0.948
2018-02-11,PUZZLES,532,4.274,0.092,0.69,0.959
2018-02-18,PUZZLES,501,4.369,0.068,0.697,0.952
2018-02-25,PUZZLES,551,4.318,0.083,0.699,0.96
2018-03-04,PUZZLES,461,4.299,0.087,0.698,0.95
2018-03-11,PUZZLES,457,4.188,0.103,0.656,0.965
2018-03-18,PUZZLES,478,4.197,0.09,0.657,0.952
2018-03-25,PUZZLES,421,4.297,0.062,0.679,0.931
2018-04-01,PUZZLES,494,4.281,0.079,0.69,0.962
2018-04-08,PUZZLES,422,4.23,0.073,0.652,0.945
2018-04-15,PUZZLES,483,4.292,0.075,0.675,0.917
2018-04-22,PUZZLES,422,4.363,0.059,0.716,0.936
2018-04-29,PUZZLES,400,4.333,0.073,0.708,0.968
2018-05-06,PUZZLES,334,4.284,0.084,0.716,0.91
2018-05-13,PUZZLES,309,4.191,0.1,0.654,0.971
2018-05-20,PUZZLES,353,4.32,0.079,0.705,0.941
2018-05-27,PUZZLES,333,4.237,0.075,0.661,0.934
2018-06-03,PUZZLES,353,4.371,0.062,0.714,0.949
2018-06-10,PUZZLES,347,4.288,0.069,0.692,0.945
2018-06-17,PUZZLES,362,4.414,0.05,0.727,0.942
2018-06-24,PUZZLES,351,4.35,0.077,0.721,0.952
2018-07-01,PUZZLES,347,4.369,0.075,0.738,0.96
2018-07-08,PUZZLES,329,4.383,0.055,0.723,0.942
2018-07-15,PUZZLES,326,4.27,0.061,0.69,0.92
2018-07-22,PUZZLES,355,4.31,0.068,0.685,0.842
2018-07-29,PUZZLES,438,4.26,0.073,0.674,0.897
2018-08-05,PUZZLES,350,4.446,0.051,0.743,0.914
2018-08-12,PUZZLES,356,4.326,0.084,0.719,0.935
2018-08-19,PUZZLES,309,4.327,0.078,0.706,0.929
2018-08-26,PUZZLES,305,4.393,0.056,0.711,0.925
2018-09-02,PUZZLES,294,4.357,0.075,0.738,0.901
2018-09-09,PUZZLES,293,4.304,0.068,0.693,0.932
2018-09-16,PUZZLES,298,4.305,0.081,0.711,0.93
2018-09-23,PUZZLES,276,4.203,0.101,0.652,0.942
2018-09-30,PUZZLES,272,4.29,0.081,0.713,0.915
2018-10-07,PUZZLES,281,4.324,0.089,0.715,0.936
2018-10-14,PUZZLES,347,4.274,0.075,0.683,0.948
2018-10-21,PUZZLES,353,4.473,0.057,0.751,0.926
2018-10-28,PUZZLES,335,4.29,0.084,0.701,0.94
2018-11-04,PUZZLES,294,4.374,0.065,0.707,0.915
2018-11-11,PUZZLES,331,4.236,0.1,0.689,0.927
2018-11-18,PUZZLES,341,4.202,0.106,0.683,0.918
2018-11-25,PUZZLES,499,4.367,0.064,0.715,0.9
2018-12-02,PUZZLES,471,4.231,0.093,0.673,0.926
2018-12-09,PUZZLES,615,4.361,0.072,0.715,0.94
2018-12-16,PUZZLES,617,4.182,0.112,0.679,0.919
2018-12-23,PUZZLES,1021,4.197,0.114,0.695,0.933
2018-12-30,PUZZLES,1125,4.297,0.085,0.711,0.934
2019-01-06,PUZZLES,1173,4.448,0.059,0.738,0.952
2019-01-13,PUZZLES,939,4.395,0.069,0.742,0.95
2019-01-20,PUZZLES,871,4.311,0.082,0.723,0.933
2019-01-27,PUZZLES,757,4.297,0.083,0.712,0.947
2019-02-03,PUZZLES,632,4.291,0.085,0.704,0.946
2019-02-10,PUZZLES,619,4.208,0.099,0.683,0.934
2019-02-17,PUZZLES,587,4.175,0.109,0.656,0.959
2019-02-24,PUZZLES,673,4.364,0.076,0.733,0.957
2019-03-03,PUZZLES,576,4.234,0.092,0.686,0.969
2019-03-10,PUZZLES,584,4.368,0.065,0.726,0.95
2019-03-17,PUZZLES,479,4.182,0.113,0.681,0.962
2019-03-24,PUZZLES,506,4.298,0.097,0.717,0.947
2019-03-31,PUZZLES,473,4.376,0.074,0.729,0.949
2019-04-07,PUZZLES,471,4.299,0.1,0.735,0.96
2019-04-14,PUZZLES,467,4.403,0.069,0.754,0.979
2019-04-21,PUZZLES,478,4.339,0.077,0.726,0.96
2019-04-28,PUZZLES,423,4.345,0.078,0.719,0.965
2019-05-05,PUZZLES,435,4.384,0.069,0.736,0.968
2019-05-12,PUZZLES,463,4.415,0.071,0.765,0.981
2019-05-19,PUZZLES,463,4.367,0.069,0.73,0.974
2019-05-26,PUZZLES,414,4.355,0.082,0.744,0.961
2019-06-02,PUZZLES,420,4.343,0.083,0.721,0.964
2019-06-09,PUZZLES,464,4.407,0.067,0.739,0.957
2019-06-16,PUZZLES,617,4.491,0.058,0.778,0.979
2019-06-23,PUZZLES,563,4.423,0.078,0.766,0.97
2019-06-30,PUZZLES,633,4.441,0.07,0.755,0.964
2019-07-07,PUZZLES,702,4.456,0.058,0.751,0.979
2019-07-14,PUZZLES,641,4.384,0.072,0.743,0.97
2019-07-21,PUZZLES,615,4.493,0.054,0.782,0.964
2019-07-28,PUZZLES,550,4.304,0.091,0.711,0.953
2019-08-04,PUZZLES,435,4.336,0.067,0.715,0.968
2019-08-11,PUZZLES,485,4.318,0.074,0.711,0.967
2019-08-18,PUZZLES,550,4.416,0.062,0.733,0.975
2019-08-25,PUZZLES,515,4.297,0.097,0.724,0.967
2019-09-01,PUZZLES,440,4.37,0.08,0.743,0.97
2019-09-08,PUZZLES,430,4.414,0.06,0.742,0.963
2019-09-15,PUZZLES,428,4.369,0.07,0.727,0.97
2019-09-22,PUZZLES,413,4.211,0.107,0.688,0.944
2019-09-29,PUZZLES,439,4.292,0.077,0.683,0.943
2019-10-06,PUZZLES,456,4.463,0.066,0.763,0.956
2019-10-13,PUZZLES,462,4.292,0.1,0.719,0.957
2019-10-20,PUZZLES,503,4.322,0.08,0.716,0.95
2019-10-27,PUZZLES,496,4.317,0.095,0.742,0.968
2019-11-03,PUZZLES,567,4.422,0.063,0.734,0.949
2019-11-10,PUZZLES,540,4.307,0.076,0.704,0.95
2019-11-17,PUZZLES,553,4.345,0.078,0.722,0.957
2019-11-24,PUZZLES,507,4.213,0.099,0.69,0.953
2019-12-01,PUZZLES,647,4.192,0.097,0.665,0.949
2019-12-08,PUZZLES,1095,4.279,0.103,0.711,0.961
2019-12-15,PUZZLES,1031,4.343,0.082,0.729,0.968
2019-12-22,PUZZLES,1456,4.128,0.123,0.667,0.934
2019-12-29,PUZZLES,1902,4.335,0.077,0.72,0.958
2020-01-05,PUZZLES,1715,4.369,0.069,0.735,0.968
2020-01-12,PUZZLES,1586,4.354,0.073,0.73,0.968
2020-01-19,PUZZLES,1047,4.295,0.087,0.705,0.963
2020-01-26,PUZZLES,1229,4.352,0.081,0.712,0.972
2020-02-02,PUZZLES,1278,4.293,0.085,0.705,0.969
2020-02-09,PUZZLES,1204,4.378,0.07,0.727,0.972
2020-02-16,PUZZLES,1171,4.28,0.093,0.709,0.972
2020-02-23,PUZZLES,1047,4.281,0.096,0.719,0.967
2020-03-01,PUZZLES,942,4.322,0.083,0.72,0.978
2020-03-08,PUZZLES,916,4.298,0.084,0.715,0.967
2020-03-15,PUZZLES,682,3.984,0.133,0.613,0.952
2020-03-22,PUZZLES,920,3.928,0.146,0.607,0.972
2020-03-29,PUZZLES,797,3.843,0.164,0.586,0.955
2020-04-05,PUZZLES,701,3.947,0.137,0.605,0.957
2020-04-12,PUZZLES,807,3.911,0.144,0.594,0.945
2020-04-19,PUZZLES,877,4.091,0.12,0.651,0.957
2020-04-26,PUZZLES,819,4.156,0.112,0.659,0.94
2020-05-03,PUZZLES,798,4.046,0.122,0.639,0.941
2020-05-10,PUZZLES,807,4.012,0.128,0.623,0.948
2020-05-17,PUZZLES,829,3.989,0.146,0.625,0.954
2020-05-24,PUZZLES,818,3.803,0.178,0.573,0.955
2020-05-31,PUZZLES,834,3.941,0.156,0.6,0.956
2020-06-07,PUZZLES,804,3.99,0.148,0.629,0.948
2020-06-14,PUZZLES,732,3.933,0.16,0.607,0.941
2020-06-21,PUZZLES,842,4.099,0.124,0.652,0.95
2020-06-28,PUZZLES,743,4.023,0.14,0.642,0.941
2020-07-05,PUZZLES,843,4.079,0.129,0.652,0.936
2020-07-12,PUZZLES,871,4.129,0.11,0.659,0.953
2020-07-19,PUZZLES,921,4.05,0.128,0.629,0.953
2020-07-26,PUZZLES,945,4.126,0.107,0.644,0.949
2020-08-02,PUZZLES,922,4.037,0.129,0.618,0.944
2020-08-09,PUZZLES,846,4.138,0.113,0.656,0.942
2020-08-16,PUZZLES,886,4.064,0.131,0.648,0.962
2020-08-23,PUZZLES,849,4.074,0.126,0.65,0.94
2020-08-30,PUZZLES,839,4.133,0.108,0.669,0.951
2020-09-06,PUZZLES,785,4.13,0.116,0.648,0.941
2020-09-13,PUZZLES,766,4.112,0.121,0.666,0.95
2020-09-20,PUZZLES,807,4.099,0.125,0.657,0.962
2020-09-27,PUZZLES,697,4.129,0.108,0.654,0.961
2020-10-04,PUZZLES,601,4.165,0.113,0.667,0.955
2020-10-11,PUZZLES,667,4.126,0.111,0.651,0.931
2020-10-18,PUZZLES,765,4.175,0.097,0.664,0.937
2020-10-25,PUZZLES,729,4.255,0.104,0.7,0.942
2020-11-01,PUZZLES,648,4.128,0.106,0.65,0.955
2020-11-08,PUZZLES,758,4.197,0.087,0.666,0.949
2020-11-15,PUZZLES,792,4.074,0.13,0.652,0.936
2020-11-22,PUZZLES,708,4.14,0.112,0.653,0.941
2020-11-29,PUZZLES,915,4.142,0.105,0.647,0.941
2020-12-06,PUZZLES,979,4.123,0.111,0.653,0.935
2020-12-13,PUZZLES,1031,4.109,0.114,0.645,0.945
2020-12-20,PUZZLES,1180,4.064,0.128,0.651,0.925
2020-12-27,PUZZLES,1800,4.173,0.103,0.674,0.916
2021-01-03,PUZZLES,1509,4.147,0.103,0.662,0.922
2021-01-10,PUZZLES,1353,4.098,0.112,0.646,0.936
2021-01-17,PUZZLES,1231,4.083,0.109,0.634,0.948
2021-01-24,PUZZLES,1112,3.998,0.108,0.594,0.941
2021-01-31,PUZZLES,1084,4.101,0.121,0.654,0.95
2021-02-07,PUZZLES,1012,3.9,0.152,0.593,0.95
2021-02-14,PUZZLES,1180,3.989,0.142,0.617,0.948
2021-02-21,PUZZLES,1220,4.098,0.099,0.63,0.955
2021-02-28,PUZZLES,1185,4.068,0.121,0.64,0.956
2021-03-07,PUZZLES,1069,4.12,0.106,0.65,0.952
2021-03-14,PUZZLES,1079,4.184,0.103,0.672,0.956
2021-03-21,PUZZLES,972,4.211,0.093,0.664,0.97
2021-03-28,PUZZLES,949,4.074,0.123,0.646,0.948
2021-04-04,PUZZLES,911,4.187,0.1,0.659,0.948
2021-04-11,PUZZLES,959,4.225,0.097,0.682,0.957
2021-04-18,PUZZLES,933,4.168,0.094,0.673,0.96
2021-04-25,PUZZLES,816,4.163,0.102,0.651,0.971
2021-05-02,PUZZLES,775,4.194,0.098,0.672,0.957
2021-05-09,PUZZLES,728,4.0,0.15,0.626,0.956
2021-05-16,PUZZLES,634,4.12,0.12,0.666,0.931
2021-05-23,PUZZLES,570,4.107,0.126,0.658,0.958
2021-05-30,PUZZLES,668,4.156,0.109,0.671,0.949
2021-06-06,PUZZLES,667,4.054,0.127,0.64,0.943
2021-06-13,PUZZLES,639,4.166,0.11,0.667,0.969
2021-06-20,PUZZLES,612,4.062,0.123,0.634,0.926
2021-06-27,PUZZLES,711,4.3,0.077,0.698,0.949
2021-07-04,PUZZLES,693,4.163,0.095,0.655,0.941
2021-07-11,PUZZLES,670,4.136,0.107,0.66,0.955
2021-07-18,PUZZLES,659,4.162,0.103,0.668,0.939
2021-07-25,PUZZLES,640,4.142,0.098,0.653,0.941
2021-08-01,PUZZLES,604,4.083,0.132,0.659,0.937
2021-08-08,PUZZLES,557,4.102,0.12,0.65,0.952
2021-08-15,PUZZLES,674,4.172,0.104,0.66,0.955
2021-08-22,PUZZLES,594,4.167,0.108,0.663,0.946
2021-08-29,PUZZLES,498,4.062,0.12,0.643,0.962
2021-09-05,PUZZLES,505,4.105,0.123,0.655,0.95
2021-09-12,PUZZLES,539,4.132,0.111,0.653,0.946
2021-09-19,PUZZLES,508,4.102,0.122,0.656,0.933
2021-09-26,PUZZLES,490,4.141,0.098,0.651,0.961
2021-10-03,PUZZLES,481,4.208,0.089,0.655,0.925
2021-10-10,PUZZLES,441,4.082,0.107,0.644,0.948
2021-10-17,PUZZLES,460,4.126,0.109,0.659,0.922
2021-10-24,PUZZLES,502,4.153,0.094,0.647,0.924
2021-10-31,PUZZLES,485,4.072,0.118,0.631,0.957
2021-11-07,PUZZLES,502,3.964,0.11,0.594,0.954
2021-11-14,PUZZLES,553,4.031,0.112,0.608,0.931
2021-11-21,PUZZLES,528,4.053,0.131,0.64,0.928
2021-11-28,PUZZLES,576,3.97,0.148,0.618,0.934
2021-12-05,PUZZLES,786,3.976,0.13,0.608,0.939
2021-12-12,PUZZLES,705,4.027,0.129,0.628,0.933
2021-12-19,PUZZLES,781,3.905,0.154,0.602,0.946
2021-12-26,PUZZLES,1576,4.117,0.12,0.666,0.92
2022-01-02,PUZZLES,1399,4.155,0.106,0.666,0.936
2022-01-09,PUZZLES,1234,4.153,0.112,0.661,0.952
2022-01-16,PUZZLES,1071,3.974,0.146,0.627,0.95
2022-01-23,PUZZLES,907,4.053,0.129,0.648,0.956
2022-01-30,PUZZLES,888,4.01,0.132,0.614,0.952
2022-02-06,PUZZLES,850,3.901,0.149,0.586,0.953
2022-02-13,PUZZLES,766,4.044,0.128,0.623,0.952
2022-02-20,PUZZLES,757,3.96,0.14,0.597,0.959
2022-02-27,PUZZLES,651,4.014,0.129,0.63,0.951
2022-03-06,PUZZLES,676,4.044,0.115,0.633,0.967
2022-03-13,PUZZLES,654,3.994,0.125,0.625,0.965
2022-03-20,PUZZLES,614,4.028,0.122,0.604,0.956
2022-03-27,PUZZLES,722,4.071,0.122,0.633,0.947
2022-04-03,PUZZLES,652,4.067,0.124,0.641,0.968
2022-04-10,PUZZLES,577,4.054,0.123,0.633,0.96
2022-04-17,PUZZLES,612,3.776,0.167,0.554,0.969
2022-04-24,PUZZLES,504,4.02,0.133,0.627,0.958
2022-05-01,PUZZLES,501,4.078,0.124,0.633,0.96
2022-05-08,PUZZLES,472,4.093,0.112,0.648,0.945
2022-05-15,PUZZLES,464,4.024,0.136,0.636,0.957
2022-05-22,PUZZLES,491,3.921,0.143,0.601,0.965
2022-05-29,PUZZLES,434,4.081,0.122,0.654,0.949
2022-06-05,PUZZLES,435,3.993,0.133,0.611,0.956
2022-06-12,PUZZLES,392,4.031,0.107,0.605,0.946
2022-06-19,PUZZLES,441,4.032,0.125,0.628,0.952
2022-06-26,PUZZLES,408,4.152,0.113,0.657,0.941
2022-07-03,PUZZLES,447,4.069,0.119,0.626,0.933
2022-07-10,PUZZLES,381,3.927,0.134,0.588,0.953
2022-07-17,PUZZLES,538,4.139,0.123,0.68,0.957
2022-07-24,PUZZLES,579,4.105,0.111,0.648,0.95
2022-07-31,PUZZLES,499,4.11,0.114,0.659,0.956
2022-08-07,PUZZLES,500,3.988,0.14,0.616,0.946
2022-08-14,PUZZLES,489,4.043,0.125,0.63,0.959
2022-08-21,PUZZLES,494,4.158,0.105,0.654,0.966
2022-08-28,PUZZLES,454,4.064,0.123,0.648,0.936
2022-09-04,PUZZLES,455,4.055,0.136,0.653,0.952
2022-09-11,PUZZLES,427,4.108,0.129,0.66,0.944
2022-09-18,PUZZLES,424,4.002,0.137,0.611,0.953
2022-09-25,PUZZLES,430,4.047,0.13,0.649,0.958
2022-10-02,PUZZLES,447,4.168,0.101,0.664,0.951
2022-10-09,PUZZLES,428,3.97,0.126,0.6,0.946
2022-10-16,PUZZLES,439,3.984,0.139,0.631,0.918
2022-10-23,PUZZLES,407,4.022,0.13,0.649,0.939
2022-10-30,PUZZLES,395,4.086,0.094,0.641,0.939
2022-11-06,PUZZLES,473,4.195,0.116,0.689,0.926
2022-11-13,PUZZLES,488,4.234,0.086,0.678,0.928
2022-11-20,PUZZLES,422,4.036,0.118,0.614,0.938
2022-11-27,PUZZLES,567,4.081,0.129,0.656,0.922
2022-12-04,PUZZLES,611,4.172,0.079,0.638,0.939
2022-12-11,PUZZLES,649,4.214,0.094,0.666,0.935
2022-12-18,PUZZLES,765,4.129,0.116,0.667,0.92
2022-12-25,PUZZLES,1337,4.061,0.124,0.642,0.922
2017-12-31,SURFACE_CLEANING_WIPE,81,4.457,0.037,0.765,0.938
2018-01-07,SURFACE_CLEANING_WIPE,126,4.381,0.056,0.714,0.952
2018-01-14,SURFACE_CLEANING_WIPE,155,4.394,0.071,0.742,0.935
2018-01-21,SURFACE_CLEANING_WIPE,159,4.541,0.025,0.767,0.969
2018-01-28,SURFACE_CLEANING_WIPE,117,4.214,0.085,0.684,0.974
2018-02-04,SURFACE_CLEANING_WIPE,101,4.455,0.079,0.772,0.97
2018-02-11,SURFACE_CLEANING_WIPE,124,4.476,0.065,0.782,0.968
2018-02-18,SURFACE_CLEANING_WIPE,144,4.34,0.069,0.688,0.979
2018-02-25,SURFACE_CLEANING_WIPE,143,4.371,0.084,0.727,0.958
2018-03-04,SURFACE_CLEANING_WIPE,153,4.405,0.085,0.745,0.954
2018-03-11,SURFACE_CLEANING_WIPE,145,4.476,0.062,0.759,0.972
2018-03-18,SURFACE_CLEANING_WIPE,173,4.503,0.058,0.792,0.994
2018-03-25,SURFACE_CLEANING_WIPE,156,4.333,0.064,0.718,0.949
2018-04-01,SURFACE_CLEANING_WIPE,155,4.413,0.071,0.748,0.981
2018-04-08,SURFACE_CLEANING_WIPE,161,4.46,0.043,0.72,0.95
2018-04-15,SURFACE_CLEANING_WIPE,162,4.284,0.099,0.704,0.981
2018-04-22,SURFACE_CLEANING_WIPE,148,4.338,0.068,0.709,0.986
2018-04-29,SURFACE_CLEANING_WIPE,163,4.472,0.074,0.773,0.945
2018-05-06,SURFACE_CLEANING_WIPE,132,4.333,0.068,0.72,0.992
2018-05-13,SURFACE_CLEANING_WIPE,84,4.238,0.119,0.726,0.952
2018-05-20,SURFACE_CLEANING_WIPE,134,4.366,0.075,0.731,0.97
2018-05-27,SURFACE_CLEANING_WIPE,116,4.19,0.069,0.647,0.957
2018-06-03,SURFACE_CLEANING_WIPE,112,4.589,0.036,0.759,0.964
2018-06-10,SURFACE_CLEANING_WIPE,141,4.255,0.085,0.681,0.957
2018-06-17,SURFACE_CLEANING_WIPE,133,4.406,0.068,0.729,0.992
2018-06-24,SURFACE_CLEANING_WIPE,124,4.718,0.024,0.871,0.976
2018-07-01,SURFACE_CLEANING_WIPE,123,4.52,0.024,0.74,0.967
2018-07-08,SURFACE_CLEANING_WIPE,113,4.336,0.071,0.699,0.956
2018-07-15,SURFACE_CLEANING_WIPE,124,4.444,0.048,0.726,0.944
2018-07-22,SURFACE_CLEANING_WIPE,127,4.378,0.087,0.717,0.945
2018-07-29,SURFACE_CLEANING_WIPE,129,4.535,0.047,0.791,0.915
2018-08-05,SURFACE_CLEANING_WIPE,145,4.476,0.048,0.745,0.931
2018-08-12,SURFACE_CLEANING_WIPE,129,4.45,0.062,0.744,0.953
2018-08-19,SURFACE_CLEANING_WIPE,126,4.5,0.056,0.754,0.984
2018-08-26,SURFACE_CLEANING_WIPE,133,4.398,0.075,0.722,0.97
2018-09-02,SURFACE_CLEANING_WIPE,115,4.409,0.078,0.748,0.991
2018-09-09,SURFACE_CLEANING_WIPE,93,4.527,0.043,0.763,0.968
2018-09-16,SURFACE_CLEANING_WIPE,108,4.074,0.139,0.63,0.963
2018-09-23,SURFACE_CLEANING_WIPE,86,4.326,0.081,0.767,0.977
2018-09-30,SURFACE_CLEANING_WIPE,97,4.412,0.062,0.753,0.969
2018-10-07,SURFACE_CLEANING_WIPE,97,4.381,0.093,0.773,0.969
2018-10-14,SURFACE_CLEANING_WIPE,121,4.355,0.066,0.744,0.942
2018-10-21,SURFACE_CLEANING_WIPE,131,4.244,0.099,0.71,0.977
2018-10-28,SURFACE_CLEANING_WIPE,85,4.424,0.071,0.694,1.0
2018-11-04,SURFACE_CLEANING_WIPE,100,4.38,0.09,0.75,0.95
2018-11-11,SURFACE_CLEANING_WIPE,86,4.465,0.047,0.744,0.977
2018-11-18,SURFACE_CLEANING_WIPE,87,4.506,0.046,0.782,0.966
2018-11-25,SURFACE_CLEANING_WIPE,78,4.167,0.128,0.692,0.936
2018-12-02,SURFACE_CLEANING_WIPE,89,4.494,0.056,0.787,0.843
2018-12-09,SURFACE_CLEANING_WIPE,102,4.294,0.088,0.716,0.892
2018-12-16,SURFACE_CLEANING_WIPE,102,4.392,0.078,0.716,0.951
2018-12-23,SURFACE_CLEANING_WIPE,92,4.228,0.12,0.696,0.924
2018-12-30,SURFACE_CLEANING_WIPE,119,4.639,0.042,0.857,0.882
2019-01-06,SURFACE_CLEANING_WIPE,129,4.256,0.101,0.698,0.899
2019-01-13,SURFACE_CLEANING_WIPE,114,4.123,0.149,0.693,0.956
2019-01-20,SURFACE_CLEANING_WIPE,111,4.315,0.081,0.73,0.955
2019-01-27,SURFACE_CLEANING_WIPE,99,4.283,0.061,0.707,0.919
2019-02-03,SURFACE_CLEANING_WIPE,95,4.389,0.074,0.737,0.947
2019-02-10,SURFACE_CLEANING_WIPE,84,4.179,0.107,0.69,0.952
2019-02-17,SURFACE_CLEANING_WIPE,100,4.29,0.1,0.72,0.94
2019-02-24,SURFACE_CLEANING_WIPE,122,4.574,0.066,0.828,0.975
2019-03-03,SURFACE_CLEANING_WIPE,183,4.792,0.016,0.896,0.984
2019-03-10,SURFACE_CLEANING_WIPE,156,4.622,0.045,0.827,0.981
2019-03-17,SURFACE_CLEANING_WIPE,113,4.381,0.071,0.726,0.973
2019-03-24,SURFACE_CLEANING_WIPE,127,4.52,0.071,0.803,0.921
2019-03-31,SURFACE_CLEANING_WIPE,109,4.477,0.064,0.807,0.945
2019-04-07,SURFACE_CLEANING_WIPE,116,4.448,0.06,0.767,0.957
2019-04-14,SURFACE_CLEANING_WIPE,117,4.521,0.077,0.812,0.983
2019-04-21,SURFACE_CLEANING_WIPE,102,4.431,0.088,0.794,0.971
2019-04-28,SURFACE_CLEANING_WIPE,119,4.471,0.05,0.773,0.992
2019-05-05,SURFACE_CLEANING_WIPE,119,4.529,0.05,0.765,0.992
2019-05-12,SURFACE_CLEANING_WIPE,128,4.281,0.094,0.711,0.977
2019-05-19,SURFACE_CLEANING_WIPE,116,4.491,0.069,0.767,0.974
2019-05-26,SURFACE_CLEANING_WIPE,115,4.626,0.035,0.791,0.974
2019-06-02,SURFACE_CLEANING_WIPE,157,4.427,0.076,0.79,0.975
2019-06-09,SURFACE_CLEANING_WIPE,154,4.669,0.026,0.851,0.987
2019-06-16,SURFACE_CLEANING_WIPE,164,4.622,0.049,0.817,1.0
2019-06-23,SURFACE_CLEANING_WIPE,189,4.444,0.063,0.772,0.963
2019-06-30,SURFACE_CLEANING_WIPE,200,4.54,0.035,0.77,0.965
2019-07-07,SURFACE_CLEANING_WIPE,249,4.606,0.032,0.807,0.968
2019-07-14,SURFACE_CLEANING_WIPE,242,4.5,0.054,0.769,0.967
2019-07-21,SURFACE_CLEANING_WIPE,203,4.507,0.054,0.788,0.936
2019-07-28,SURFACE_CLEANING_WIPE,209,4.459,0.053,0.775,0.947
2019-08-04,SURFACE_CLEANING_WIPE,170,4.512,0.053,0.782,0.971
2019-08-11,SURFACE_CLEANING_WIPE,180,4.506,0.039,0.783,0.983
2019-08-18,SURFACE_CLEANING_WIPE,172,4.262,0.099,0.703,0.965
2019-08-25,SURFACE_CLEANING_WIPE,191,4.393,0.079,0.743,0.963
2019-09-01,SURFACE_CLEANING_WIPE,174,4.506,0.057,0.77,0.977
2019-09-08,SURFACE_CLEANING_WIPE,173,4.399,0.064,0.763,0.954
2019-09-15,SURFACE_CLEANING_WIPE,181,4.486,0.083,0.807,0.967
2019-09-22,SURFACE_CLEANING_WIPE,165,4.479,0.067,0.8,0.97
2019-09-29,SURFACE_CLEANING_WIPE,191,4.387,0.089,0.775,0.984
2019-10-06,SURFACE_CLEANING_WIPE,166,4.289,0.096,0.711,0.97
2019-10-13,SURFACE_CLEANING_WIPE,152,4.303,0.105,0.724,0.967
2019-10-20,SURFACE_CLEANING_WIPE,155,4.465,0.065,0.755,0.942
2019-10-27,SURFACE_CLEANING_WIPE,152,4.395,0.072,0.743,0.967
2019-11-03,SURFACE_CLEANING_WIPE,186,4.323,0.097,0.753,0.973
2019-11-10,SURFACE_CLEANING_WIPE,216,4.5,0.06,0.764,0.958
2019-11-17,SURFACE_CLEANING_WIPE,180,4.489,0.061,0.772,0.967
2019-11-24,SURFACE_CLEANING_WIPE,144,4.014,0.167,0.688,0.938
2019-12-01,SURFACE_CLEANING_WIPE,167,4.371,0.078,0.743,0.916
2019-12-08,SURFACE_CLEANING_WIPE,344,4.526,0.044,0.785,0.959
2019-12-15,SURFACE_CLEANING_WIPE,328,4.573,0.046,0.799,0.963
2019-12-22,SURFACE_CLEANING_WIPE,298,4.654,0.03,0.839,0.966
2019-12-29,SURFACE_CLEANING_WIPE,318,4.519,0.05,0.786,0.969
2020-01-05,SURFACE_CLEANING_WIPE,324,4.352,0.071,0.719,0.981
2020-01-12,SURFACE_CLEANING_WIPE,313,4.412,0.077,0.757,0.974
2020-01-19,SURFACE_CLEANING_WIPE,214,4.453,0.079,0.813,0.977
2020-01-26,SURFACE_CLEANING_WIPE,265,4.374,0.075,0.751,0.97
2020-02-02,SURFACE_CLEANING_WIPE,244,4.254,0.078,0.709,0.959
2020-02-09,SURFACE_CLEANING_WIPE,279,4.287,0.115,0.735,0.968
2020-02-16,SURFACE_CLEANING_WIPE,312,4.372,0.087,0.756,0.978
2020-02-23,SURFACE_CLEANING_WIPE,316,4.361,0.089,0.744,0.975
2020-03-01,SURFACE_CLEANING_WIPE,429,4.382,0.07,0.744,0.972
2020-03-08,SURFACE_CLEANING_WIPE,440,4.305,0.109,0.732,0.968
2020-03-15,SURFACE_CLEANING_WIPE,354,4.424,0.076,0.774,0.977
2020-03-22,SURFACE_CLEANING_WIPE,358,4.318,0.089,0.709,0.969
2020-03-29,SURFACE_CLEANING_WIPE,357,4.347,0.109,0.765,0.992
2020-04-05,SURFACE_CLEANING_WIPE,329,4.058,0.155,0.663,0.976
2020-04-12,SURFACE_CLEANING_WIPE,391,4.166,0.128,0.693,0.964
2020-04-19,SURFACE_CLEANING_WIPE,396,4.129,0.121,0.677,0.99
2020-04-26,SURFACE_CLEANING_WIPE,366,4.098,0.148,0.669,0.978
2020-05-03,SURFACE_CLEANING_WIPE,311,4.084,0.138,0.675,0.971
2020-05-10,SURFACE_CLEANING_WIPE,349,4.103,0.143,0.682,0.963
2020-05-17,SURFACE_CLEANING_WIPE,392,4.214,0.099,0.699,0.972
2020-05-24,SURFACE_CLEANING_WIPE,348,4.236,0.106,0.701,0.986
2020-05-31,SURFACE_CLEANING_WIPE,316,4.282,0.108,0.728,0.972
2020-06-07,SURFACE_CLEANING_WIPE,304,4.053,0.145,0.661,0.954
2020-06-14,SURFACE_CLEANING_WIPE,294,3.949,0.163,0.622,0.956
2020-06-21,SURFACE_CLEANING_WIPE,305,4.049,0.134,0.656,0.961
2020-06-28,SURFACE_CLEANING_WIPE,276,3.982,0.167,0.667,0.96
2020-07-05,SURFACE_CLEANING_WIPE,289,3.875,0.183,0.619,0.962
2020-07-12,SURFACE_CLEANING_WIPE,339,4.029,0.156,0.673,0.985
2020-07-19,SURFACE_CLEANING_WIPE,329,4.076,0.119,0.657,0.985
2020-07-26,SURFACE_CLEANING_WIPE,322,4.161,0.112,0.674,0.975
2020-08-02,SURFACE_CLEANING_WIPE,312,4.135,0.135,0.689,0.978
2020-08-09,SURFACE_CLEANING_WIPE,342,3.895,0.173,0.617,0.953
2020-08-16,SURFACE_CLEANING_WIPE,380,4.103,0.137,0.671,0.963
2020-08-23,SURFACE_CLEANING_WIPE,421,4.036,0.133,0.646,0.971
2020-08-30,SURFACE_CLEANING_WIPE,377,3.918,0.151,0.597,0.968
2020-09-06,SURFACE_CLEANING_WIPE,371,4.051,0.148,0.668,0.984
2020-09-13,SURFACE_CLEANING_WIPE,342,4.158,0.117,0.699,0.994
2020-09-20,SURFACE_CLEANING_WIPE,360,4.092,0.133,0.675,0.983
2020-09-27,SURFACE_CLEANING_WIPE,348,4.138,0.135,0.687,0.989
2020-10-04,SURFACE_CLEANING_WIPE,261,3.973,0.142,0.636,0.973
2020-10-11,SURFACE_CLEANING_WIPE,237,4.127,0.127,0.684,0.979
2020-10-18,SURFACE_CLEANING_WIPE,341,4.276,0.088,0.707,0.968
2020-10-25,SURFACE_CLEANING_WIPE,351,4.011,0.148,0.65,0.98
2020-11-01,SURFACE_CLEANING_WIPE,322,4.307,0.093,0.714,0.975
2020-11-08,SURFACE_CLEANING_WIPE,309,4.304,0.091,0.706,0.968
2020-11-15,SURFACE_CLEANING_WIPE,249,4.233,0.104,0.715,0.988
2020-11-22,SURFACE_CLEANING_WIPE,192,4.177,0.115,0.698,0.964
2020-11-29,SURFACE_CLEANING_WIPE,290,4.117,0.128,0.669,0.948
2020-12-06,SURFACE_CLEANING_WIPE,281,4.306,0.103,0.74,0.968
2020-12-13,SURFACE_CLEANING_WIPE,320,4.194,0.134,0.706,0.988
2020-12-20,SURFACE_CLEANING_WIPE,271,4.273,0.111,0.727,0.97
2020-12-27,SURFACE_CLEANING_WIPE,371,4.264,0.086,0.706,0.973
2021-01-03,SURFACE_CLEANING_WIPE,352,4.202,0.108,0.713,0.972
2021-01-10,SURFACE_CLEANING_WIPE,376,4.186,0.112,0.697,0.987
2021-01-17,SURFACE_CLEANING_WIPE,367,4.346,0.084,0.744,0.984
2021-01-24,SURFACE_CLEANING_WIPE,340,4.321,0.091,0.726,0.968
2021-01-31,SURFACE_CLEANING_WIPE,308,4.198,0.117,0.701,0.987
2021-02-07,SURFACE_CLEANING_WIPE,332,4.151,0.111,0.672,0.979
2021-02-14,SURFACE_CLEANING_WIPE,355,4.113,0.141,0.679,0.977
2021-02-21,SURFACE_CLEANING_WIPE,342,4.061,0.143,0.655,0.977
2021-02-28,SURFACE_CLEANING_WIPE,379,4.153,0.119,0.694,0.979
2021-03-07,SURFACE_CLEANING_WIPE,380,4.034,0.139,0.647,0.979
2021-03-14,SURFACE_CLEANING_WIPE,331,4.151,0.115,0.674,0.982
2021-03-21,SURFACE_CLEANING_WIPE,282,4.195,0.121,0.702,0.979
2021-03-28,SURFACE_CLEANING_WIPE,290,4.11,0.11,0.652,0.969
2021-04-04,SURFACE_CLEANING_WIPE,343,4.19,0.102,0.688,0.98
2021-04-11,SURFACE_CLEANING_WIPE,335,4.039,0.137,0.66,0.973
2021-04-18,SURFACE_CLEANING_WIPE,331,4.118,0.133,0.674,0.973
2021-04-25,SURFACE_CLEANING_WIPE,296,4.064,0.122,0.666,0.98
2021-05-02,SURFACE_CLEANING_WIPE,299,4.043,0.124,0.625,0.953
2021-05-09,SURFACE_CLEANING_WIPE,250,4.104,0.12,0.664,0.968
2021-05-16,SURFACE_CLEANING_WIPE,197,4.168,0.107,0.675,0.964
2021-05-23,SURFACE_CLEANING_WIPE,259,4.154,0.1,0.676,0.965
2021-05-30,SURFACE_CLEANING_WIPE,295,4.19,0.122,0.695,0.969
2021-06-06,SURFACE_CLEANING_WIPE,246,4.033,0.159,0.65,0.976
2021-06-13,SURFACE_CLEANING_WIPE,253,4.123,0.119,0.676,0.98
2021-06-20,SURFACE_CLEANING_WIPE,218,3.922,0.165,0.633,0.959
2021-06-27,SURFACE_CLEANING_WIPE,230,4.057,0.135,0.67,0.961
2021-07-04,SURFACE_CLEANING_WIPE,255,4.275,0.086,0.714,0.976
2021-07-11,SURFACE_CLEANING_WIPE,267,3.996,0.161,0.648,0.966
2021-07-18,SURFACE_CLEANING_WIPE,244,4.033,0.152,0.643,0.951
2021-07-25,SURFACE_CLEANING_WIPE,238,4.05,0.122,0.634,0.966
2021-08-01,SURFACE_CLEANING_WIPE,227,4.0,0.176,0.674,0.965
2021-08-08,SURFACE_CLEANING_WIPE,246,4.28,0.093,0.724,0.955
2021-08-15,SURFACE_CLEANING_WIPE,256,4.238,0.094,0.699,0.957
2021-08-22,SURFACE_CLEANING_WIPE,270,3.885,0.17,0.619,0.97
2021-08-29,SURFACE_CLEANING_WIPE,223,3.991,0.157,0.659,0.964
2021-09-05,SURFACE_CLEANING_WIPE,259,4.181,0.089,0.672,0.961
2021-09-12,SURFACE_CLEANING_WIPE,201,4.04,0.134,0.652,0.96
2021-09-19,SURFACE_CLEANING_WIPE,194,4.18,0.108,0.686,0.974
2021-09-26,SURFACE_CLEANING_WIPE,202,4.233,0.119,0.708,0.965
2021-10-03,SURFACE_CLEANING_WIPE,197,4.203,0.117,0.695,0.975
2021-10-10,SURFACE_CLEANING_WIPE,177,4.147,0.141,0.678,0.966
2021-10-17,SURFACE_CLEANING_WIPE,199,4.116,0.126,0.678,0.925
2021-10-24,SURFACE_CLEANING_WIPE,150,4.193,0.133,0.7,0.96
2021-10-31,SURFACE_CLEANING_WIPE,174,4.029,0.149,0.626,0.971
2021-11-07,SURFACE_CLEANING_WIPE,147,4.252,0.122,0.714,0.98
2021-11-14,SURFACE_CLEANING_WIPE,194,4.119,0.134,0.686,0.959
2021-11-21,SURFACE_CLEANING_WIPE,148,4.277,0.095,0.73,0.98
2021-11-28,SURFACE_CLEANING_WIPE,151,4.331,0.099,0.755,0.967
2021-12-05,SURFACE_CLEANING_WIPE,173,4.428,0.081,0.792,0.936
2021-12-12,SURFACE_CLEANING_WIPE,161,3.988,0.168,0.64,0.981
2021-12-19,SURFACE_CLEANING_WIPE,173,4.289,0.116,0.734,0.948
2021-12-26,SURFACE_CLEANING_WIPE,163,4.362,0.092,0.767,0.975
2022-01-02,SURFACE_CLEANING_WIPE,224,4.103,0.138,0.688,0.96
2022-01-09,SURFACE_CLEANING_WIPE,209,4.206,0.105,0.694,0.986
2022-01-16,SURFACE_CLEANING_WIPE,229,4.157,0.109,0.677,0.956
2022-01-23,SURFACE_CLEANING_WIPE,189,4.095,0.159,0.714,0.952
2022-01-30,SURFACE_CLEANING_WIPE,206,4.34,0.092,0.743,0.971
2022-02-06,SURFACE_CLEANING_WIPE,198,4.202,0.096,0.677,0.96
2022-02-13,SURFACE_CLEANING_WIPE,146,4.247,0.075,0.671,0.979
2022-02-20,SURFACE_CLEANING_WIPE,165,4.206,0.139,0.745,0.982
2022-02-27,SURFACE_CLEANING_WIPE,176,4.239,0.097,0.727,0.972
2022-03-06,SURFACE_CLEANING_WIPE,171,4.181,0.105,0.673,0.977
2022-03-13,SURFACE_CLEANING_WIPE,172,4.291,0.087,0.709,0.983
2022-03-20,SURFACE_CLEANING_WIPE,177,4.085,0.141,0.667,0.989
2022-03-27,SURFACE_CLEANING_WIPE,172,4.07,0.134,0.68,0.965
2022-04-03,SURFACE_CLEANING_WIPE,170,4.118,0.112,0.659,0.959
2022-04-10,SURFACE_CLEANING_WIPE,144,4.271,0.104,0.736,0.965
2022-04-17,SURFACE_CLEANING_WIPE,131,4.267,0.084,0.718,0.954
2022-04-24,SURFACE_CLEANING_WIPE,166,4.108,0.114,0.651,0.988
2022-05-01,SURFACE_CLEANING_WIPE,130,4.077,0.146,0.669,0.938
2022-05-08,SURFACE_CLEANING_WIPE,126,4.016,0.167,0.651,0.96
2022-05-15,SURFACE_CLEANING_WIPE,153,3.889,0.118,0.588,0.993
2022-05-22,SURFACE_CLEANING_WIPE,123,4.268,0.089,0.691,0.959
2022-05-29,SURFACE_CLEANING_WIPE,141,4.071,0.163,0.674,0.965
2022-06-05,SURFACE_CLEANING_WIPE,155,4.116,0.116,0.632,0.948
2022-06-12,SURFACE_CLEANING_WIPE,166,4.145,0.114,0.675,0.97
2022-06-19,SURFACE_CLEANING_WIPE,127,3.858,0.165,0.559,0.945
2022-06-26,SURFACE_CLEANING_WIPE,129,3.868,0.194,0.636,0.93
2022-07-03,SURFACE_CLEANING_WIPE,164,4.128,0.11,0.689,0.963
2022-07-10,SURFACE_CLEANING_WIPE,166,4.114,0.133,0.693,0.964
2022-07-17,SURFACE_CLEANING_WIPE,209,4.177,0.134,0.703,0.938
2022-07-24,SURFACE_CLEANING_WIPE,224,4.402,0.067,0.754,0.942
2022-07-31,SURFACE_CLEANING_WIPE,224,4.339,0.107,0.759,0.942
2022-08-07,SURFACE_CLEANING_WIPE,216,4.153,0.134,0.681,0.944
2022-08-14,SURFACE_CLEANING_WIPE,222,4.257,0.117,0.73,0.941
2022-08-21,SURFACE_CLEANING_WIPE,210,4.176,0.124,0.705,0.943
2022-08-28,SURFACE_CLEANING_WIPE,224,4.152,0.116,0.656,0.942
2022-09-04,SURFACE_CLEANING_WIPE,218,4.165,0.119,0.697,0.968
2022-09-11,SURFACE_CLEANING_WIPE,214,4.136,0.154,0.701,0.953
2022-09-18,SURFACE_CLEANING_WIPE,192,4.089,0.141,0.661,0.969
2022-09-25,SURFACE_CLEANING_WIPE,201,4.134,0.119,0.652,0.955
2022-10-02,SURFACE_CLEANING_WIPE,191,4.12,0.12,0.665,0.979
2022-10-09,SURFACE_CLEANING_WIPE,184,4.141,0.13,0.69,0.973
2022-10-16,SURFACE_CLEANING_WIPE,160,4.263,0.088,0.688,0.981
2022-10-23,SURFACE_CLEANING_WIPE,159,4.088,0.113,0.654,0.95
2022-10-30,SURFACE_CLEANING_WIPE,173,3.96,0.145,0.607,0.954
2022-11-06,SURFACE_CLEANING_WIPE,161,4.037,0.143,0.634,0.938
2022-11-13,SURFACE_CLEANING_WIPE,171,4.023,0.158,0.649,0.982
2022-11-20,SURFACE_CLEANING_WIPE,142,3.993,0.169,0.641,0.965
2022-11-27,SURFACE_CLEANING_WIPE,146,4.096,0.151,0.692,0.932
2022-12-04,SURFACE_CLEANING_WIPE,171,4.064,0.135,0.649,0.977
2022-12-11,SURFACE_CLEANING_WIPE,172,4.116,0.128,0.686,0.953
2022-12-18,SURFACE_CLEANING_WIPE,161,3.857,0.149,0.565,0.994
2022-12-25,SURFACE_CLEANING_WIPE,187,3.866,0.166,0.604,0.979
2017-12-31,TOILET_PAPER,180,3.85,0.144,0.55,0.906
2018-01-07,TOILET_PAPER,287,4.035,0.136,0.627,0.913
2018-01-14,TOILET_PAPER,240,3.796,0.179,0.563,0.904
2018-01-21,TOILET_PAPER,272,3.923,0.147,0.603,0.904
2018-01-28,TOILET_PAPER,278,4.061,0.119,0.619,0.906
2018-02-04,TOILET_PAPER,249,3.996,0.116,0.614,0.928
2018-02-11,TOILET_PAPER,238,4.034,0.126,0.63,0.95
2018-02-18,TOILET_PAPER,247,4.008,0.138,0.607,0.919
2018-02-25,TOILET_PAPER,290,4.072,0.117,0.645,0.945
2018-03-04,TOILET_PAPER,342,4.173,0.085,0.64,0.927
2018-03-11,TOILET_PAPER,337,4.166,0.089,0.626,0.92
2018-03-18,TOILET_PAPER,265,4.162,0.113,0.668,0.853
2018-03-25,TOILET_PAPER,293,4.109,0.123,0.662,0.908
2018-04-01,TOILET_PAPER,287,4.105,0.098,0.61,0.923
2018-04-08,TOILET_PAPER,305,4.0,0.134,0.616,0.934
2018-04-15,TOILET_PAPER,291,3.794,0.155,0.54,0.935
2018-04-22,TOILET_PAPER,249,4.016,0.112,0.622,0.956
2018-04-29,TOILET_PAPER,326,4.172,0.092,0.663,0.936
2018-05-06,TOILET_PAPER,314,4.213,0.08,0.662,0.92
2018-05-13,TOILET_PAPER,277,4.26,0.069,0.679,0.888
2018-05-20,TOILET_PAPER,304,4.141,0.089,0.625,0.918
2018-05-27,TOILET_PAPER,299,4.064,0.12,0.622,0.91
2018-06-03,TOILET_PAPER,303,4.086,0.099,0.611,0.924
2018-06-10,TOILET_PAPER,455,4.286,0.077,0.684,0.932
2018-06-17,TOILET_PAPER,425,4.268,0.075,0.678,0.913
2018-06-24,TOILET_PAPER,389,4.09,0.118,0.635,0.938
2018-07-01,TOILET_PAPER,382,3.99,0.123,0.576,0.927
2018-07-08,TOILET_PAPER,346,4.069,0.118,0.645,0.922
2018-07-15,TOILET_PAPER,332,4.157,0.105,0.663,0.925
2018-07-22,TOILET_PAPER,473,4.321,0.074,0.681,0.949
2018-07-29,TOILET_PAPER,443,4.278,0.084,0.709,0.921
2018-08-05,TOILET_PAPER,366,4.126,0.112,0.672,0.904
2018-08-12,TOILET_PAPER,370,4.003,0.124,0.627,0.889
2018-08-19,TOILET_PAPER,330,4.021,0.127,0.618,0.888
2018-08-26,TOILET_PAPER,295,4.146,0.108,0.664,0.905
2018-09-02,TOILET_PAPER,278,4.137,0.122,0.662,0.917
2018-09-09,TOILET_PAPER,300,4.127,0.093,0.633,0.867
2018-09-16,TOILET_PAPER,271,4.052,0.114,0.627,0.875
2018-09-23,TOILET_PAPER,266,4.102,0.094,0.628,0.902
2018-09-30,TOILET_PAPER,263,4.106,0.144,0.684,0.89
2018-10-07,TOILET_PAPER,317,4.303,0.085,0.685,0.931
2018-10-14,TOILET_PAPER,296,4.027,0.122,0.622,0.926
2018-10-21,TOILET_PAPER,385,4.135,0.122,0.662,0.932
2018-10-28,TOILET_PAPER,347,4.133,0.107,0.663,0.96
2018-11-04,TOILET_PAPER,329,4.304,0.103,0.733,0.933
2018-11-11,TOILET_PAPER,304,4.118,0.115,0.668,0.928
2018-11-18,TOILET_PAPER,239,4.18,0.121,0.695,0.916
2018-11-25,TOILET_PAPER,272,4.04,0.132,0.64,0.926
2018-12-02,TOILET_PAPER,325,4.145,0.117,0.668,0.932
2018-12-09,TOILET_PAPER,358,4.226,0.089,0.684,0.958
2018-12-16,TOILET_PAPER,313,4.112,0.118,0.642,0.936
2018-12-23,TOILET_PAPER,353,4.348,0.062,0.705,0.952
2018-12-30,TOILET_PAPER,436,4.25,0.112,0.695,0.927
2019-01-06,TOILET_PAPER,423,4.423,0.078,0.759,0.934
2019-01-13,TOILET_PAPER,412,4.362,0.083,0.735,0.973
2019-01-20,TOILET_PAPER,375,4.104,0.139,0.672,0.941
2019-01-27,TOILET_PAPER,344,4.172,0.131,0.698,0.93
2019-02-03,TOILET_PAPER,347,4.317,0.084,0.712,0.957
2019-02-10,TOILET_PAPER,338,4.041,0.13,0.615,0.95
2019-02-17,TOILET_PAPER,340,4.121,0.112,0.65,0.962
2019-02-24,TOILET_PAPER,353,4.13,0.139,0.7,0.938
2019-03-03,TOILET_PAPER,316,4.272,0.098,0.709,0.953
2019-03-10,TOILET_PAPER,314,4.159,0.105,0.666,0.946
2019-03-17,TOILET_PAPER,327,4.251,0.104,0.703,0.933
2019-03-24,TOILET_PAPER,305,4.17,0.111,0.679,0.938
2019-03-31,TOILET_PAPER,307,3.987,0.15,0.645,0.945
2019-04-07,TOILET_PAPER,439,4.321,0.084,0.711,0.929
2019-04-14,TOILET_PAPER,331,4.109,0.139,0.695,0.94
2019-04-21,TOILET_PAPER,287,3.976,0.153,0.617,0.941
2019-04-28,TOILET_PAPER,432,4.421,0.053,0.736,0.956
2019-05-05,TOILET_PAPER,347,4.233,0.084,0.68,0.922
2019-05-12,TOILET_PAPER,387,4.258,0.088,0.695,0.943
2019-05-19,TOILET_PAPER,293,4.171,0.106,0.659,0.956
2019-05-26,TOILET_PAPER,387,4.248,0.09,0.682,0.948
2019-06-02,TOILET_PAPER,359,3.939,0.156,0.627,0.969
2019-06-09,TOILET_PAPER,389,4.272,0.08,0.702,0.951
2019-06-16,TOILET_PAPER,471,4.229,0.081,0.679,0.953
2019-06-23,TOILET_PAPER,463,4.186,0.106,0.674,0.952
2019-06-30,TOILET_PAPER,546,4.3,0.082,0.701,0.93
2019-07-07,TOILET_PAPER,610,4.193,0.108,0.692,0.93
2019-07-14,TOILET_PAPER,604,4.237,0.108,0.689,0.925
2019-07-21,TOILET_PAPER,568,4.158,0.116,0.681,0.905
2019-07-28,TOILET_PAPER,460,4.135,0.126,0.667,0.93
2019-08-04,TOILET_PAPER,386,4.088,0.14,0.663,0.951
2019-08-11,TOILET_PAPER,449,4.143,0.114,0.655,0.935
2019-08-18,TOILET_PAPER,444,4.11,0.122,0.637,0.914
2019-08-25,TOILET_PAPER,511,3.886,0.198,0.622,0.877
2019-09-01,TOILET_PAPER,370,4.043,0.135,0.627,0.911
2019-09-08,TOILET_PAPER,349,3.937,0.135,0.607,0.894
2019-09-15,TOILET_PAPER,391,4.023,0.133,0.624,0.928
2019-09-22,TOILET_PAPER,364,4.019,0.129,0.615,0.907
2019-09-29,TOILET_PAPER,347,4.092,0.127,0.651,0.931
2019-10-06,TOILET_PAPER,420,3.988,0.171,0.643,0.914
2019-10-13,TOILET_PAPER,376,3.92,0.149,0.598,0.918
2019-10-20,TOILET_PAPER,377,4.008,0.146,0.629,0.923
2019-10-27,TOILET_PAPER,400,4.143,0.123,0.675,0.93
2019-11-03,TOILET_PAPER,476,3.958,0.139,0.616,0.95
2019-11-10,TOILET_PAPER,441,4.041,0.134,0.646,0.952
2019-11-17,TOILET_PAPER,395,4.114,0.144,0.689,0.942
2019-11-24,TOILET_PAPER,333,3.868,0.162,0.589,0.949
2019-12-01,TOILET_PAPER,441,3.855,0.179,0.592,0.934
2019-12-08,TOILET_PAPER,736,4.151,0.103,0.656,0.954
2019-12-15,TOILET_PAPER,692,4.212,0.095,0.694,0.961
2019-12-22,TOILET_PAPER,672,4.268,0.083,0.704,0.954
2019-12-29,TOILET_PAPER,742,4.31,0.084,0.72,0.95
2020-01-05,TOILET_PAPER,845,4.28,0.098,0.717,0.957
2020-01-12,TOILET_PAPER,779,4.217,0.113,0.702,0.95
2020-01-19,TOILET_PAPER,499,4.106,0.128,0.679,0.938
2020-01-26,TOILET_PAPER,683,4.171,0.12,0.678,0.958
2020-02-02,TOILET_PAPER,626,4.22,0.101,0.696,0.962
2020-02-09,TOILET_PAPER,574,4.063,0.145,0.662,0.972
2020-02-16,TOILET_PAPER,597,4.32,0.079,0.714,0.985
2020-02-23,TOILET_PAPER,663,4.256,0.092,0.695,0.953
2020-03-01,TOILET_PAPER,581,4.119,0.12,0.663,0.948
2020-03-08,TOILET_PAPER,870,4.089,0.14,0.674,0.906
2020-03-15,TOILET_PAPER,797,3.878,0.197,0.631,0.913
2020-03-22,TOILET_PAPER,851,3.962,0.183,0.649,0.905
2020-03-29,TOILET_PAPER,773,3.878,0.186,0.605,0.917
2020-04-05,TOILET_PAPER,829,3.78,0.209,0.578,0.94
2020-04-12,TOILET_PAPER,849,3.777,0.196,0.562,0.927
2020-04-19,TOILET_PAPER,792,3.865,0.172,0.581,0.956
2020-04-26,TOILET_PAPER,751,3.735,0.212,0.566,0.956
2020-05-03,TOILET_PAPER,736,3.639,0.227,0.531,0.977
2020-05-10,TOILET_PAPER,764,3.725,0.194,0.547,0.966
2020-05-17,TOILET_PAPER,759,3.797,0.199,0.568,0.951
2020-05-24,TOILET_PAPER,698,3.744,0.203,0.563,0.943
2020-05-31,TOILET_PAPER,603,3.534,0.239,0.504,0.93
2020-06-07,TOILET_PAPER,629,3.507,0.251,0.498,0.963
2020-06-14,TOILET_PAPER,482,3.477,0.274,0.517,0.954
2020-06-21,TOILET_PAPER,474,3.559,0.251,0.534,0.943
2020-06-28,TOILET_PAPER,510,3.592,0.214,0.52,0.963
2020-07-05,TOILET_PAPER,487,3.834,0.175,0.585,0.947
2020-07-12,TOILET_PAPER,464,3.925,0.179,0.634,0.974
2020-07-19,TOILET_PAPER,469,3.814,0.188,0.582,0.964
2020-07-26,TOILET_PAPER,424,3.792,0.184,0.575,0.955
2020-08-02,TOILET_PAPER,484,3.793,0.184,0.566,0.965
2020-08-09,TOILET_PAPER,428,3.743,0.201,0.547,0.967
2020-08-16,TOILET_PAPER,425,3.932,0.165,0.607,0.976
2020-08-23,TOILET_PAPER,347,3.922,0.156,0.591,0.98
2020-08-30,TOILET_PAPER,371,4.016,0.146,0.636,0.97
2020-09-06,TOILET_PAPER,357,3.93,0.137,0.599,0.972
2020-09-13,TOILET_PAPER,333,3.946,0.132,0.604,0.976
2020-09-20,TOILET_PAPER,359,3.852,0.173,0.596,0.981
2020-09-27,TOILET_PAPER,312,3.869,0.173,0.606,0.978
2020-10-04,TOILET_PAPER,326,3.745,0.209,0.577,0.972
2020-10-11,TOILET_PAPER,351,3.92,0.16,0.618,0.969
2020-10-18,TOILET_PAPER,348,3.917,0.158,0.598,0.966
2020-10-25,TOILET_PAPER,384,3.979,0.141,0.617,0.974
2020-11-01,TOILET_PAPER,341,3.721,0.173,0.522,0.977
2020-11-08,TOILET_PAPER,413,3.886,0.162,0.613,0.961
2020-11-15,TOILET_PAPER,578,3.908,0.149,0.593,0.965
2020-11-22,TOILET_PAPER,471,3.858,0.18,0.599,0.975
2020-11-29,TOILET_PAPER,505,3.891,0.154,0.594,0.968
2020-12-06,TOILET_PAPER,479,3.701,0.196,0.58,0.969
2020-12-13,TOILET_PAPER,570,3.944,0.144,0.611,0.972
2020-12-20,TOILET_PAPER,502,3.849,0.157,0.576,0.964
2020-12-27,TOILET_PAPER,614,4.054,0.116,0.634,0.979
2021-01-03,TOILET_PAPER,538,4.024,0.132,0.626,0.98
2021-01-10,TOILET_PAPER,507,3.866,0.166,0.598,0.972
2021-01-17,TOILET_PAPER,440,3.725,0.193,0.55,0.98
2021-01-24,TOILET_PAPER,369,3.802,0.16,0.556,0.965
2021-01-31,TOILET_PAPER,416,4.031,0.135,0.63,0.981
2021-02-07,TOILET_PAPER,373,3.842,0.174,0.587,0.962
2021-02-14,TOILET_PAPER,425,3.991,0.158,0.649,0.965
2021-02-21,TOILET_PAPER,439,3.995,0.155,0.638,0.966
2021-02-28,TOILET_PAPER,444,4.106,0.115,0.655,0.964
2021-03-07,TOILET_PAPER,366,4.137,0.096,0.667,0.959
2021-03-14,TOILET_PAPER,410,4.102,0.129,0.666,0.963
2021-03-21,TOILET_PAPER,389,3.982,0.141,0.62,0.969
2021-03-28,TOILET_PAPER,344,4.186,0.11,0.677,0.977
2021-04-04,TOILET_PAPER,405,4.136,0.123,0.681,0.956
2021-04-11,TOILET_PAPER,383,4.107,0.128,0.674,0.974
2021-04-18,TOILET_PAPER,396,3.99,0.152,0.639,0.937
2021-04-25,TOILET_PAPER,361,4.0,0.15,0.64,0.958
2021-05-02,TOILET_PAPER,353,4.008,0.161,0.654,0.96
2021-05-09,TOILET_PAPER,361,4.022,0.15,0.637,0.945
2021-05-16,TOILET_PAPER,303,4.139,0.122,0.673,0.95
2021-05-23,TOILET_PAPER,309,4.023,0.133,0.628,0.974
2021-05-30,TOILET_PAPER,290,3.983,0.169,0.655,0.952
2021-06-06,TOILET_PAPER,295,3.99,0.149,0.614,0.99
2021-06-13,TOILET_PAPER,309,4.184,0.12,0.689,0.951
2021-06-20,TOILET_PAPER,278,4.112,0.144,0.687,0.932
2021-06-27,TOILET_PAPER,318,4.258,0.088,0.692,0.969
2021-07-04,TOILET_PAPER,340,4.159,0.106,0.685,0.962
2021-07-11,TOILET_PAPER,292,4.014,0.144,0.644,0.949
2021-07-18,TOILET_PAPER,284,4.19,0.116,0.687,0.894
2021-07-25,TOILET_PAPER,342,4.038,0.146,0.643,0.927
2021-08-01,TOILET_PAPER,306,3.964,0.147,0.614,0.935
2021-08-08,TOILET_PAPER,327,3.853,0.193,0.621,0.927
2021-08-15,TOILET_PAPER,337,4.086,0.139,0.665,0.941
2021-08-22,TOILET_PAPER,331,3.937,0.142,0.595,0.931
2021-08-29,TOILET_PAPER,290,4.193,0.114,0.693,0.976
2021-09-05,TOILET_PAPER,293,4.14,0.119,0.683,0.952
2021-09-12,TOILET_PAPER,280,3.964,0.15,0.629,0.95
2021-09-19,TOILET_PAPER,274,4.007,0.157,0.65,0.956
2021-09-26,TOILET_PAPER,320,4.037,0.147,0.647,0.947
2021-10-03,TOILET_PAPER,325,4.209,0.092,0.665,0.954
2021-10-10,TOILET_PAPER,303,3.762,0.205,0.597,0.964
2021-10-17,TOILET_PAPER,294,3.884,0.163,0.605,0.929
2021-10-24,TOILET_PAPER,329,4.006,0.143,0.632,0.933
2021-10-31,TOILET_PAPER,307,3.769,0.215,0.577,0.974
2021-11-07,TOILET_PAPER,294,3.714,0.224,0.575,0.946
2021-11-14,TOILET_PAPER,293,3.87,0.191,0.621,0.969
2021-11-21,TOILET_PAPER,245,3.902,0.18,0.624,0.939
2021-11-28,TOILET_PAPER,233,3.901,0.167,0.614,0.927
2021-12-05,TOILET_PAPER,310,3.987,0.168,0.652,0.955
2021-12-12,TOILET_PAPER,270,4.063,0.119,0.644,0.963
2021-12-19,TOILET_PAPER,260,4.077,0.131,0.623,0.969
2021-12-26,TOILET_PAPER,256,4.184,0.09,0.684,0.969
2022-01-02,TOILET_PAPER,313,3.891,0.173,0.61,0.946
2022-01-09,TOILET_PAPER,313,3.732,0.211,0.565,0.968
2022-01-16,TOILET_PAPER,322,3.773,0.214,0.571,0.966
2022-01-23,TOILET_PAPER,257,3.84,0.206,0.623,0.957
2022-01-30,TOILET_PAPER,258,3.946,0.171,0.643,0.953
2022-02-06,TOILET_PAPER,311,3.775,0.196,0.566,0.945
2022-02-13,TOILET_PAPER,281,3.968,0.153,0.637,0.968
2022-02-20,TOILET_PAPER,269,3.944,0.16,0.61,0.959
2022-02-27,TOILET_PAPER,285,4.007,0.158,0.646,0.951
2022-03-06,TOILET_PAPER,331,4.073,0.13,0.653,0.943
2022-03-13,TOILET_PAPER,293,4.13,0.147,0.696,0.959
2022-03-20,TOILET_PAPER,322,4.174,0.124,0.683,0.966
2022-03-27,TOILET_PAPER,302,4.036,0.139,0.662,0.954
2022-04-03,TOILET_PAPER,312,4.064,0.157,0.673,0.971
2022-04-10,TOILET_PAPER,257,4.167,0.121,0.673,0.973
2022-04-17,TOILET_PAPER,259,4.004,0.166,0.66,0.95
2022-04-24,TOILET_PAPER,262,4.214,0.111,0.706,0.977
2022-05-01,TOILET_PAPER,305,4.161,0.128,0.685,0.957
2022-05-08,TOILET_PAPER,290,4.179,0.117,0.686,0.962
2022-05-15,TOILET_PAPER,291,4.247,0.1,0.725,0.966
2022-05-22,TOILET_PAPER,304,4.168,0.122,0.678,0.961
2022-05-29,TOILET_PAPER,310,4.161,0.123,0.687,0.913
2022-06-05,TOILET_PAPER,342,4.076,0.126,0.652,0.936
2022-06-12,TOILET_PAPER,342,4.023,0.129,0.635,0.939
2022-06-19,TOILET_PAPER,329,4.0,0.125,0.623,0.936
2022-06-26,TOILET_PAPER,277,4.022,0.134,0.65,0.942
2022-07-03,TOILET_PAPER,332,4.042,0.142,0.651,0.952
2022-07-10,TOILET_PAPER,330,3.952,0.158,0.624,0.945
2022-07-17,TOILET_PAPER,425,4.132,0.132,0.678,0.965
2022-07-24,TOILET_PAPER,417,4.067,0.125,0.626,0.962
2022-07-31,TOILET_PAPER,392,4.153,0.125,0.689,0.952
2022-08-07,TOILET_PAPER,417,4.053,0.144,0.65,0.957
2022-08-14,TOILET_PAPER,404,4.186,0.104,0.673,0.936
2022-08-21,TOILET_PAPER,363,4.14,0.116,0.664,0.928
2022-08-28,TOILET_PAPER,370,4.208,0.089,0.678,0.941
2022-09-04,TOILET_PAPER,337,4.145,0.119,0.685,0.935
2022-09-11,TOILET_PAPER,375,4.227,0.099,0.707,0.968
2022-09-18,TOILET_PAPER,348,4.037,0.135,0.644,0.971
2022-09-25,TOILET_PAPER,307,4.316,0.081,0.736,0.951
2022-10-02,TOILET_PAPER,377,4.276,0.101,0.703,0.96
2022-10-09,TOILET_PAPER,286,4.119,0.129,0.668,0.937
2022-10-16,TOILET_PAPER,272,4.143,0.11,0.68,0.949
2022-10-23,TOILET_PAPER,222,4.072,0.122,0.649,0.973
2022-10-30,TOILET_PAPER,301,4.103,0.11,0.661,0.947
2022-11-06,TOILET_PAPER,272,4.114,0.099,0.647,0.952
2022-11-13,TOILET_PAPER,285,4.189,0.112,0.691,0.979
2022-11-20,TOILET_PAPER,243,4.086,0.119,0.667,0.93
2022-11-27,TOILET_PAPER,287,4.007,0.132,0.617,0.958
2022-12-04,TOILET_PAPER,270,4.204,0.107,0.685,0.948
2022-12-11,TOILET_PAPER,278,4.194,0.108,0.687,0.957
2022-12-18,TOILET_PAPER,242,4.256,0.099,0.711,0.967
2022-12-25,TOILET_PAPER,278,4.209,0.097,0.687,0.957
