review_id,period,asin,product_type,week,review_date,rating,helpful_vote,n_words,lang,text_clean
736490f5d5003307,baseline,B00D3JA5V4,TOILET_PAPER,2019-03-10,2019-03-10,5.0,0,46,english,I love that they use recycled paper to make this! I like this toilet paper better than Charmin! The quality is great and the price is right! Very happy to have a new greener toilet paper! I will definitely continue to buy Seventh Generation toilet paper!
9e15da7bcbb1a14e,baseline,B00D3JA5V4,TOILET_PAPER,2019-03-10,2019-03-11,4.0,0,13,english,Really like this toliet paper. Good quality and eco-friendly with no chlorine bleach.
ec3b370ba4592ce9,baseline,B00D3JA5V4,TOILET_PAPER,2019-03-10,2019-03-16,3.0,0,14,english,it breaks down too easy it works but not my kind of toilet paper.
3b5ae1d7a3351ac7,baseline,B00D3JA5V4,TOILET_PAPER,2019-03-17,2019-03-18,2.0,4,99,english,"I have been using this TP for a year or two and the quality has gone downhill. I didn't mind that it wasn't the softest TP in the world, and I didn't mind that the price kept going up (after all I was doing something for the environment right?) but the last 24 pack I got was loosely rolled, falling off the cardboard and a roll lasted about 2 days in a household of two. Lousy to offer a product and then change it after people start using it regularly...but consumers are not stupid! You lost a customer here!"
eb4825e81d10bae0,baseline,B00D3JA5V4,TOILET_PAPER,2019-03-17,2019-03-20,5.0,0,61,english,"I bought this TP because I'm trying to transition over to non-virgin (ie, recycled) paper products at home. This TP is off-white rather than pure white, and not quite as soft as some of the most premium virgin toilet paper. That said, it works, it's more than soft enough, and I feel better knowing I'm using a somewhat recycled product. Recommended."
9535fe3987f6673f,baseline,B00D3JA5V4,TOILET_PAPER,2019-03-17,2019-03-22,5.0,0,11,english,"This TP is great, I've been using it for years now."
0d864efbefd767a9,baseline,B00D3JA5V4,TOILET_PAPER,2019-03-24,2019-03-24,2.0,0,30,english,Tears easily during use. leaves lots of little chunks of rolled paper behind. Nice that it's recycled though. Wipe gently unless you like getting in touch with your inner self.
4249dd31c54a712e,baseline,B00D3JA5V4,TOILET_PAPER,2019-03-31,2019-04-01,5.0,0,10,english,This two ply toilet paper doesn’t disintegrate in my hand.
9a45c3762ee9eb6b,baseline,B00D3JA5V4,TOILET_PAPER,2019-03-31,2019-04-01,5.0,0,12,english,I'm happy with this toilet paper! Always a supporter of Seventh Generation
5c0f6f7c90cf94a6,baseline,B00D3JA5V4,TOILET_PAPER,2019-03-31,2019-04-06,5.0,0,18,english,The toilet paper itself if pretty good. But i buy it mostlf because its helping save the earth.
aa6913a0e64df76d,baseline,B074CRK54X,TOILET_PAPER,2019-03-10,2019-03-13,5.0,0,21,english,"The only toilet paper I'll use anymore. Seems to last forever, is soft and doesn't shred easily. Fairly priced as well."
b9d96e0251bea39a,baseline,B074CRK54X,TOILET_PAPER,2019-03-10,2019-03-14,5.0,0,32,english,"I used to buy TP at Costco, but my ,mobility issues make it harder to get out (I no longer drive.) So I was thrilled to find this product to replace it."
a8c79d8811d907f3,baseline,B074CRK54X,TOILET_PAPER,2019-03-17,2019-03-22,5.0,0,17,english,"Great product for the price, huge rolls so there is plenty to go around when nature calls!"
c56934472311fb82,baseline,B074CRK54X,TOILET_PAPER,2019-03-17,2019-03-22,5.0,1,35,english,Fantastic quality. Incredibly absorbent and soft and leaves no lint behind. I was skeptical about ordering TP online and first but am happy I did because my family now has a new favorite. Highly recommend!
15e164b519cee5f3,baseline,B074CRK54X,TOILET_PAPER,2019-03-24,2019-03-26,5.0,0,11,english,My sphincter gave it a perfect five out of five stars!!!
cdd7bfef43014fa6,baseline,B074CRK54X,TOILET_PAPER,2019-03-24,2019-03-28,5.0,0,31,english,"LOVE! Used to only use Charmin, but these are just as good if not better, and the price is way better.... plus getting it right to my door is a plus!"
fef27f392e67f1b7,baseline,B074CRK54X,TOILET_PAPER,2019-03-24,2019-03-29,5.0,0,15,english,Save time and money. Don’t have to go to the store for this product anymore.
b758f1b5b9ad95c9,baseline,B074CRK54X,TOILET_PAPER,2019-03-31,2019-04-01,5.0,0,20,english,I would compare this toilet paper to charmin. Very plush and soft and can't beat the price for mega rolls.
005a5fadee1c6f2f,baseline,B074CRK54X,TOILET_PAPER,2019-03-31,2019-04-03,5.0,0,16,english,Great value and very good quality toilet paper. Have made it a mainstay at our house.
39e73bb0a01983f3,baseline,B074CRK54X,TOILET_PAPER,2019-03-31,2019-04-03,5.0,0,43,english,This is a great deal... you are getting 24 rolls for approx $.75 each! Not to mention that the rolls are huge and a good quality tp! I loved the ease of ordering and delivery to my doorstep within a couple of days!
4a1d65b3a553080f,baseline,B074MJLYNZ,TOILET_PAPER,2019-03-10,2019-03-12,1.0,0,69,english,"I have purchased this item before and was pleased with it, however this time I'm very disappointed. It states that it is 2-ply but it is not. I only purchase 2-ply as I refuse to get 1-ply. The first time I purchased it was as stated 2-ply as was, thus the reason I repurchased. After complete inspection I could not find more than 1 layer of paper......it's only 1-ply!"
58955bd3a62ad61a,baseline,B074MJLYNZ,TOILET_PAPER,2019-03-10,2019-03-12,5.0,0,22,english,Works great! Not too rough or too soft and it's septic safe. Which we need because we have issues with our septic.
639405a3977fd170,baseline,B074MJLYNZ,TOILET_PAPER,2019-03-10,2019-03-12,5.0,0,53,english,It's fair quality toilet paper that does the job. I was pleased with how much I got for the cost. Sure it's not Charmin fancy stuff but it goes down the drain and it's not terrible 1 ply stuff. If you just want paper to do your business with get this. Very affordable.
4d380113458d5d59,baseline,B074MJLYNZ,TOILET_PAPER,2019-03-10,2019-03-14,5.0,0,18,english,"This is our fave toilet paper. Priced decently, you get a decent amount. Not itchy or too thin."
7569286a65d392fe,baseline,B074MJLYNZ,TOILET_PAPER,2019-03-17,2019-03-17,5.0,0,27,english,I love Angel Soft and you get a lot in a roll. Not so many cardboard rolls in the garage can at the end of the week!!
57ae89bae07d0e86,baseline,B074MJLYNZ,TOILET_PAPER,2019-03-17,2019-03-21,2.0,0,18,english,Poor quality. Too thin. I think this brand was must better a long time ago. I won't repurchase.
031cb0a02262e7a4,baseline,B074MJLYNZ,TOILET_PAPER,2019-03-24,2019-03-25,5.0,0,10,english,As expected and with the ease of subscribe & save!
4a91305a199ec0a8,baseline,B074MJLYNZ,TOILET_PAPER,2019-03-24,2019-03-28,1.0,0,15,english,"Walmart sells 18 rolls same 480 sheets for $14.97 , i.e. 36 rolls for $30"
0058cd4876b8749d,baseline,B074MJLYNZ,TOILET_PAPER,2019-03-24,2019-03-29,2.0,0,17,english,Very soft but the 2-ply parts separate when you unroll it. I won’t be buying it again
0eb281fb05b9eb3d,baseline,B074MJLYNZ,TOILET_PAPER,2019-03-24,2019-03-30,1.0,0,73,english,"Angel soft is, well was, my favorite toilet paper. The rolls are super big but scratchy & thin. If you're not a hand washer this is not the toilet paper for you. It reminds me of the toilet paper in the restaurant I work in. I woke up this morning with the stomach flu & ""raw"" is all I can say about that. I will NEVER buy this brand of toilet paper again."
5d6180bb11ea48a9,baseline,B0798C1NYR,TOILET_PAPER,2019-03-10,2019-03-13,5.0,0,11,english,"Great product, I love it, I order again soon thank you"
fabd22b18cd41b09,baseline,B0798C1NYR,TOILET_PAPER,2019-03-10,2019-03-14,5.0,0,13,english,I always buy Charmin. I love it and the bigger rolls are great.
18ae9b8cc7321be1,baseline,B0798C1NYR,TOILET_PAPER,2019-03-10,2019-03-15,2.0,0,13,english,"Its ok t.p. but for the price, well - the price is outrageous"
dfea98f3ee2ecf27,baseline,B0798C1NYR,TOILET_PAPER,2019-03-10,2019-03-15,5.0,0,16,english,My family loves this tissue. Thicker and lasts a long time. Enjoying having it at home.
becb8d74b12220ec,baseline,B0798C1NYR,TOILET_PAPER,2019-03-10,2019-03-16,5.0,0,10,english,Doesn't tear when you are using it. I would recommend.
d111e28bb94d2079,baseline,B0798C1NYR,TOILET_PAPER,2019-03-17,2019-03-19,4.0,0,28,english,It’s toilet paper. Used it for what it is designed for. My only complaint is roll is too large for my toilet paper holder next to my toilet.
3f4eaaf817f698e0,baseline,B0798C1NYR,TOILET_PAPER,2019-03-17,2019-03-20,5.0,0,15,english,I like Charmin but the rolls keep getting narrower and the price keeps getting higher.
15c7481927194d54,baseline,B0798C1NYR,TOILET_PAPER,2019-03-24,2019-03-29,5.0,0,10,english,Always holds up well. Tried everything else. Charmin always wins.
08d686188aff558c,baseline,B0798C1NYR,TOILET_PAPER,2019-03-31,2019-04-01,5.0,0,11,english,This product is exactly what you would expect it to be.
3c4a2e2aeb749a92,baseline,B0798C1NYR,TOILET_PAPER,2019-03-31,2019-04-06,5.0,0,17,english,"We have been very happy with these. Toilet paper was the greatest invention of all time, heh."
7aee8c18e175fe1c,baseline,B0798DVT68,TOILET_PAPER,2019-03-10,2019-03-12,5.0,0,37,english,"Wonderfully soft, absorbent. It’s the only one I buy. Like the extra large rolls would never go back to what we had for so many years You use so much less than other brands, well worth it"
256c6e56b8960598,baseline,B0798DVT68,TOILET_PAPER,2019-03-10,2019-03-13,5.0,0,29,english,reasonable price and delivered! I am on auto refill monthly. Once you set it up you never have to worry again. The best toilet tissue i have ever used!
6c9e8a8c7d95c4c7,baseline,B0798DVT68,TOILET_PAPER,2019-03-10,2019-03-14,5.0,0,51,english,"Every time I order this toilet paper Amazon wants a new review. How much can anyone say about an excellent product. Its the only TP I have used for the last 10 to 20 years. It is soft, and effective, and welcome on my aching butt. Now that is enough said!"
3c9a20494a4e3327,baseline,B0798DVT68,TOILET_PAPER,2019-03-17,2019-03-17,5.0,0,12,english,Love this toilet paper and now it comes straight to the house!
9464b57ee6731402,baseline,B0798DVT68,TOILET_PAPER,2019-03-17,2019-03-17,4.0,0,37,english,"The bath tissue is very good. It seems thicker than others, and one can use less of it. Using too much might clog the new style toilets. Have ordered it twice, and will continue to do so."
e9fcd18fa30a127d,baseline,B0798DVT68,TOILET_PAPER,2019-03-17,2019-03-19,5.0,0,15,english,It’s toilet paper and it does it’s job. But it is very soft and effective.
0ce875b2727b50fb,baseline,B0798DVT68,TOILET_PAPER,2019-03-24,2019-03-28,5.0,0,18,english,Am guilty of giving away other brands when my husband mistakenly buys them. Need I say anything more?
1790826ae898eb13,baseline,B0798DVT68,TOILET_PAPER,2019-03-31,2019-04-02,5.0,0,22,english,i don't wanna use anything else but the ultra soft. it's the softest ive ever used and the toilet paper doesnt crumble.
31c631b082ba2045,baseline,B0798DVT68,TOILET_PAPER,2019-03-31,2019-04-06,4.0,0,11,english,The rolls are a bit big for standard size tp holders
9280e5c6e9467c08,baseline,B0798DVT68,TOILET_PAPER,2019-03-31,2019-04-06,5.0,1,79,english,"At first I was skeptical that the 24 Mega Roll equaled 123 regular rolls, but when I opened that package and felt the weight of the roll I was closer to being a believer. Now that I have had a longer experience with it I am sold! I haven't even had to open the other two packages and am not even half way through the first one. This includes having 6 grandchildren spending weekends, 5 of which are girls!"
6126d4366d546fb2,baseline,B07BGLT25K,TOILET_PAPER,2019-03-10,2019-03-11,4.0,2,49,english,"So I am updating my review because for $5 it lasted awhile and I have daycare kids. It is worth the price compared to how expensive tp can be! I thought that when the packaging said 12=24 that these would be the large rolls. No, they are so small!"
0f431eea147330d9,baseline,B07BGLT25K,TOILET_PAPER,2019-03-10,2019-03-16,5.0,0,10,english,I like this brand n the price I like it
ca7d543ef013fb9f,baseline,B07BGLT25K,TOILET_PAPER,2019-03-17,2019-03-20,5.0,0,13,english,Very soft for only being one ply! Holds together well. Worth the money.
0a085830e305f536,baseline,B07BGLT25K,TOILET_PAPER,2019-03-17,2019-03-23,5.0,0,10,english,Comfort Plus! It’s a great product for my entire family!
13a98ffb2e7ee056,baseline,B07BGLT25K,TOILET_PAPER,2019-03-24,2019-03-24,3.0,0,37,english,These are really small toilet paper...picture is a bit misleading. It would probably comes out to 6 regular size toilet paper. I haven't used it yet to see if it lives up to the quality of Scott's.
931b78e045e614ce,baseline,B07BGLT25K,TOILET_PAPER,2019-03-24,2019-03-25,1.0,15,23,english,Save your money. These are tiny. The Dollar tree has a 4 pack of this brand for $1. So this is over priced.
80db6ad2f0419a11,baseline,B07BGLT25K,TOILET_PAPER,2019-03-24,2019-03-28,2.0,0,24,english,Quality was average. These are advertised as double rolls but I didn't feel there was any more on a roll than a regular roll.
3b5a7a7566973e8d,baseline,B07BGLT25K,TOILET_PAPER,2019-03-24,2019-03-29,5.0,0,28,english,Wonderful buy when you have a big family. It's hassle free to have your household products delivered right at your front door. I love saving money and time.
ff153f39a4d736ee,baseline,B07BGLT25K,TOILET_PAPER,2019-03-31,2019-04-02,5.0,0,24,english,"The paper is not super soft, as that type of paper leaves dingleberries, but gets the job done without discomfort for those sensitive tooshies."
53de6201e39f324c,baseline,B07BGLT25K,TOILET_PAPER,2019-03-31,2019-04-06,3.0,0,23,english,"Took 5 days to get here even though I have a prime account and ordered during the week... But ,yes it met expectations"
efd73a2073cc8618,baseline,B07BRWWJYT,TOILET_PAPER,2019-03-10,2019-03-13,5.0,0,21,english,This is good quality paper and you'll never miss the tube. Trees will stop you in the street to thank you.
8a87e020f6bbf9ad,baseline,B07BRWWJYT,TOILET_PAPER,2019-03-10,2019-03-14,5.0,0,29,english,What is to say? It's a good deal and it gets delivered right to the house...no having to drag a huge bundle through the store and car...then the house.
aa3a22ffe9da8fc1,baseline,B07BRWWJYT,TOILET_PAPER,2019-03-17,2019-03-17,5.0,0,24,english,"I LOVE not having the cardboard center, it is a little weird on the roller but definitely saves NO cardboard in the trash can!!"
5eb0da53fb279c8e,baseline,B07BRWWJYT,TOILET_PAPER,2019-03-17,2019-03-18,3.0,0,20,english,Love that its tube free. Would have five stars if it was a little more affordable but good toilet paper.
d1bf0cdc6ce168bc,baseline,B07BRWWJYT,TOILET_PAPER,2019-03-17,2019-03-20,2.0,0,24,english,"Do not like the no roller, wastes paper at the end of roll. Do not like the quilted sheets you use more than needed."
6b93c99e0c0b9268,baseline,B07BRWWJYT,TOILET_PAPER,2019-03-17,2019-03-22,4.0,0,24,english,"I love not having the tubes to save the environment, but there seems to be less toilet paper than the one with the tube."
ffd0a74530cb1a9e,baseline,B07BRWWJYT,TOILET_PAPER,2019-03-17,2019-03-22,3.0,0,11,english,Pros Very strong and nice Cons Does not last as long
ed312beecc06e0bf,baseline,B07BRWWJYT,TOILET_PAPER,2019-03-24,2019-03-24,5.0,0,10,english,I buy this every 3 months or so. Great value.
4ad25fd70fb0c8bb,baseline,B07BRWWJYT,TOILET_PAPER,2019-03-24,2019-03-27,3.0,0,23,english,"While I appreciate the environmental effort of not having the additional waste, it just seems odd that the TP doesn’t hold its form."
d90d643583e71876,baseline,B07BRWWJYT,TOILET_PAPER,2019-03-31,2019-04-03,5.0,0,14,english,I like that they’re roll free. Better for the environment! Scott’s makes good tp.
2dd41c91f5710d07,baseline,B07C9JYF2W,TOILET_PAPER,2019-03-10,2019-03-11,1.0,22,67,english,"""12 big rolls' = 20 regular"" Would like to see the visual math on that and show a regular roll next to one of these ""big"" rolls. Smallest roll I've ever seen and if these are big, well, that would make regular not large enough to be a roll of toilet paper. It is hard to believe they are ""big rolls"" as they are small in size."
f6bc855d641ee38d,baseline,B07C9JYF2W,TOILET_PAPER,2019-03-10,2019-03-14,1.0,0,21,english,It advertised as 12 rolls with a picture of 12 rolls = 20 rolls. We only received the 12 basic rolls.
28c0781cfdcce2b0,baseline,B07C9JYF2W,TOILET_PAPER,2019-03-17,2019-03-19,1.0,0,17,english,Item shown is not item received. These are the smallest rolls of toilet tissue I’ve ever seen!!!
7644aa5f15fd03e0,baseline,B07C9JYF2W,TOILET_PAPER,2019-03-17,2019-03-23,3.0,0,37,english,"It may be 2-ply and a 12 roll equals 20, but if you have the extra $3, I would get the 12 equals 48 counts in Walmart and its much much bigger. These rolls are so small."
ca37db2d46005c99,baseline,B07C9JYF2W,TOILET_PAPER,2019-03-24,2019-03-24,3.0,0,16,english,"Much smaller rolls than expected, the description is deceiving. For this price, will not buy again."
ab966a1d55a53534,baseline,B07C9JYF2W,TOILET_PAPER,2019-03-24,2019-03-26,4.0,0,15,english,These were okay. I’m used to the mega rolls but liked the price on these.
3fb2674d290a340e,baseline,B07C9JYF2W,TOILET_PAPER,2019-03-24,2019-03-29,1.0,0,31,english,"Didn't get what was in photo and description! Rolls were small definitely not BIG rolls. Very disappointed, will not buy it again, I'll just drive to the store. Huge RIP off!!"
fdc4b74427ef144e,baseline,B07C9JYF2W,TOILET_PAPER,2019-03-24,2019-03-30,1.0,0,17,english,"These are not the big rolls, they’re tiny. I would give it 0 stars if I could."
1bd8bc5e413e03b5,baseline,B07C9JYF2W,TOILET_PAPER,2019-03-31,2019-03-31,1.0,0,68,english,I have never bought my paper products at Amazon until now. Check out the picture. The tiny roll is Amazon's product advertised as big rolls which are 1 inch shorter than a normal roll (and much less paper). Don't buy this product at Amazon. I would not have even given this 1 star but the website forced me to add a rating and there was no negative star.
a4470d3952c6077d,baseline,B07C9JYF2W,TOILET_PAPER,2019-03-31,2019-04-06,1.0,3,38,english,I just got this to day the rolls are regular size that feel like they going to hurt when I use them. the Price I paid now I wish I had just walk in a store an paid
c78170817fdad7eb,baseline,B07DKM3PJ6,TOILET_PAPER,2019-03-10,2019-03-10,1.0,0,16,english,I prefer the thicker rolls. These rolls really don't last long enough to justify the price.
168697c86616b468,baseline,B07DKM3PJ6,TOILET_PAPER,2019-03-10,2019-03-13,1.0,1,17,english,This is not the same quality as the Angel Soft double rolls I've used for years. :(
260a216ad687a8e7,baseline,B07DKM3PJ6,TOILET_PAPER,2019-03-10,2019-03-14,2.0,0,22,english,Plenty of paper but the thinnest two ply toilet paper I’ve ever used. It cancels out the bargain of buying large amount.
99c1a810ca2855fc,baseline,B07DKM3PJ6,TOILET_PAPER,2019-03-10,2019-03-15,1.0,1,51,english,"Seems like fake Angel Soft to me. The toilet paper is rough and not 2 ply. You're better off getting it from the store because it's hit or miss on here. The first time I ordered, it seemed like real Angel Soft, the next two times the quality was completely different."
8d7ea0dff6d092b7,baseline,B07DKM3PJ6,TOILET_PAPER,2019-03-10,2019-03-16,2.0,1,41,english,"We have ordered Angel Soft for the past year or so and were always satisfied with the quality. During this last order of 120 rolls, we noticed that the paper is much thinner thus diminishing the quality of the tissue paper."
ecad1227158b1db0,baseline,B07DKM3PJ6,TOILET_PAPER,2019-03-17,2019-03-18,5.0,0,14,english,Not too thin or thick. Good amount for your money. Arrived in good condition.
6ce18803fbb660a0,baseline,B07DKM3PJ6,TOILET_PAPER,2019-03-17,2019-03-19,1.0,0,38,english,This shipment of toilet paper was awful. The rolled toilet paper is slipping off the cardboard rolls and this is flimsier than other shipments I’ve gotten. I’m not sure what has changed but I will not purchase again.
6382775d646b78d0,baseline,B07DKM3PJ6,TOILET_PAPER,2019-03-24,2019-03-25,1.0,0,11,english,I was shorted a roll of toilet paper in my delivery.
979fbc935ffb293a,baseline,B07DKM3PJ6,TOILET_PAPER,2019-03-24,2019-03-26,1.0,1,12,english,"Very tough on lady bits, rough texture. Sandpaper is the best description."
38c649361155f5e2,baseline,B07DKM3PJ6,TOILET_PAPER,2019-03-31,2019-04-02,5.0,0,33,english,"I was kinda scared I was going to be missing a pack but nope all there, and came on time. Oh it also came in original box good thing I have good neighbors."
68e0bfec5c19e3d6,baseline,B07FGBSF45,TOILET_PAPER,2019-03-10,2019-03-12,5.0,1,95,english,"These are really nice nice! Such a deal! We live 23 miles from town so order a lot on Amazon for convenience but the prices a often lower that what I usually pay. This is the 1st time I bought tp on line and its so great not to have to go all the way into town for items like this. I bought the paper towels too and they are perfect. Not as fussy about paper towels, but tp needs to be soft 2 ply and a good price and these check all the boxes!"
c22f2e764cb67b01,baseline,B07FGBSF45,TOILET_PAPER,2019-03-10,2019-03-16,5.0,0,16,english,"This bathroom tissue is just as good, if not better than the higher priced ""name"" brands"
427145bcad4d319a,baseline,B07FGBSF45,TOILET_PAPER,2019-03-17,2019-03-19,5.0,0,18,english,Excellent value. A must buy. Been using several months and see no reason to use more expensive brands
f55d721c1cae7aef,baseline,B07FGBSF45,TOILET_PAPER,2019-03-17,2019-03-19,5.0,0,54,english,"Quality & price is very comparable to Angel Soft. Minimal lint left behind (ahhemm). Works well for me. Not sure why the negative reviews. If you're using 1 square of toilet paper, then sure, it will break apart but if you use a few more squares, I promise you'll still be environmentally friendly 😉"
0e1634a755502518,baseline,B07FGBSF45,TOILET_PAPER,2019-03-24,2019-03-24,5.0,0,21,english,As I haven't tried this brand before I was a bit worried....but it's great. Soft absorbent and now I have plenty.
722f0323ca5636d9,baseline,B07FGBSF45,TOILET_PAPER,2019-03-24,2019-03-26,4.0,0,10,english,Kinda thin but still works just takes more of it
1186ebdb43a92c80,baseline,B07FGBSF45,TOILET_PAPER,2019-03-24,2019-03-27,2.0,0,26,english,"Incredibly thin, one ply tp. Similar to Scotts. Not worth it - I’m going back to Chairman which costs more but we use a lot less."
9706f432f53c51bf,baseline,B07FGBSF45,TOILET_PAPER,2019-03-31,2019-04-03,5.0,0,24,english,"After buying the paper towels, I was expecting less for the TP, but it is a super nice product that I will buy again."
c0ed73b3caa0480b,baseline,B07FGBSF45,TOILET_PAPER,2019-03-31,2019-04-06,5.0,0,33,english,Omgosh. I have colitis so if anyone needs the perfect amount of tp in the house and a great item. I won't buy anything else now.. perfect. Great value. Great product. Thank you
e3a8f6b95e26b762,baseline,B07FGBSF45,TOILET_PAPER,2019-03-31,2019-04-06,2.0,0,75,english,"This is nice toilet tissue, but the rolls are not large. I got my order day b4 yesterday and I’ve already gone through one roll. I ordered the full pkg of 30 rolls, so it will last awhile, but next order will be Angel Soft or some other mega roll brand. These claim to have 350 sheets per roll, but very hard to believe! They look like regular rolls and lasted like a regular roll."
76d8df48f509d3b7,spike,B009R6725E,TOILET_PAPER,2020-03-08,2020-03-13,5.0,13,58,english,"NOT CHARMIN BUT THIS IS GOOD AND A GREAT BARGAIN...NO CORE, YOU WILL NEED THE SPINDLE IT IS NARROWER THAN THE ONE FOR THE CARDBOARD CORE FOUND IN MOST ROLLS OF TOILET TISSUE. THE GOOD NEWS IS THAT IT WILL FIT IN A REGULAR HOLDER, IT LASTS FOR A VERY LONG TIME. I PLAN ON BUYING IT AGAIN."
055eae1b1f314274,spike,B009R6725E,TOILET_PAPER,2020-03-22,2020-03-28,3.0,12,76,english,"And yep it's pretty pricey, considering. I definitely didn't want to spent $60 on TP but here we are: in a pandemic. I also ordered 2 dozen white washcloths and bleach lol just in case. If we don't need those for TP replacement, well they'll be great cleaning cloths for something else, right. Not what I would have chosen but all I could find a few weeks ago. Now it's likely not available at all. 3/27/20."
0f04657f9de5f97b,spike,B009R6725E,TOILET_PAPER,2020-03-29,2020-03-30,1.0,10,24,english,These reviews are lies! This is straight up gas station restroom quality. It’s better than nothing but these reviews giving it praise are BS!
2b48974e3cb472aa,spike,B009R6725E,TOILET_PAPER,2020-03-29,2020-03-31,5.0,1,66,english,I did not know what to expect - but wow these rolls are much bigger and better than the current scott rolls I have. I think these will last me until the end of the year - single user. Very Happy I don't have to worry about finding toilet paper right now. FYI I was able to find the adapters GP Item #: 50011 on ebay.
5a8fb566bed22ef8,spike,B009R6725E,TOILET_PAPER,2020-03-29,2020-04-01,5.0,0,66,english,"It just came today so I haven't had a chance to use it yet. Did open to see how it felt. Nice 2 ply feels strong and soft, like that it's like getting 2 Mega rolls in one. Bought new TP holders since these are coreless and they fit really well. Will be putting them up this weekend. Will update once I have used the products."
6f9851fe8db703c1,spike,B009R6725E,TOILET_PAPER,2020-03-29,2020-04-02,5.0,0,74,english,"Good stuff, cheap, decent quality, blah blah...but the real reason for my post is how to retrofit this roll into a standard holder. Get a 5/8"" piece of dowling, same diameter as the roll and most holders. Cut to fit with 1/8"" exatr on each side. Find some foam packing material and cut small squares to insert into the holder. The compression and length should be enough to hold it in place. TA DA!!"
a8a4704dde629a87,spike,B009R6725E,TOILET_PAPER,2020-03-29,2020-04-02,5.0,0,23,english,Great deal for the money. Arrived 2 days earlier than promised. Only Toilet Paper I could find online with a quick delivery date.
314ecf7b0e5bf2da,spike,B009R6725E,TOILET_PAPER,2020-03-29,2020-04-03,5.0,0,17,english,"Expensive, but we will see if it lasts the life of the pandemic and is cost effective."
f350a2cc8f0dda0b,spike,B009R6725E,TOILET_PAPER,2020-03-29,2020-04-03,5.0,0,35,english,"Costs more than Scott 1000, but similar in thickness and softness. Because TP is difficult to find with all the hoarders, I paid the price. I should be set now until this is over :-)"
1100e82def303b27,spike,B009R6725E,TOILET_PAPER,2020-03-29,2020-04-04,1.0,1,41,english,These are small regular rolls priced at $1.69 per roll. Highway robbery!!! I thought these were double rolls so didn’t mind paying the ridiculous price of $61 dollars but after getting them... will definitely not be buying again. Way too expensive!!
9c032bea3fdad4bc,spike,B01AZ15E22,TOILET_PAPER,2020-03-15,2020-03-19,1.0,1,22,english,There is no way these are double rolls. They are so small. Way to take advantage of people in this scary time.
0d98fa2bf499468a,spike,B01AZ15E22,TOILET_PAPER,2020-03-15,2020-03-20,1.0,38,23,english,These are like no double rolls I’ve ever seen. More like a mini rolls. I am very disappointed and feel very ripped off.
473a05455665352f,spike,B01AZ15E22,TOILET_PAPER,2020-03-15,2020-03-20,5.0,0,20,english,Our order was shortchanged to two rather than 4. I had to make sure that the charges were correct. Disappointed.
005554c74f663c69,spike,B01AZ15E22,TOILET_PAPER,2020-03-22,2020-03-22,1.0,83,36,english,"[[VIDEOID:3970c8f38c781f0fc04ad85c93d54a79]] NOT AT ALL “DOUBLE” ROLLS. Every other Quilten Northern double roll is 154 sheets, this one is 142 sheets per roll. They are the exact same size and measurements as regular rolls. WASTE OF MONEY!"
cfff52d714181ef5,spike,B01AZ15E22,TOILET_PAPER,2020-03-22,2020-03-25,3.0,0,28,english,"I always get Cottonelle mega rolls. Compared to those, these seem very small. Only worth the $16 I paid because it was the only TP I could find."
de5974131bab5d25,spike,B01AZ15E22,TOILET_PAPER,2020-03-22,2020-03-27,2.0,0,12,english,"Smaller rolls than I was expecting. I think ""Mega"" is false advertising."
9ce24b6da013e8ba,spike,B01AZ15E22,TOILET_PAPER,2020-03-22,2020-03-28,1.0,0,28,english,"This was way too small. It looks like toilet paper for a tiny child. And also this isn’t a double roll, it isn’t even a regular roll size."
529ebe762a8c4b09,spike,B01AZ15E22,TOILET_PAPER,2020-03-29,2020-03-31,1.0,2,31,english,Rolls are smaller in width & in thickness than regular TP bought in store. Product was received is not equal to what is in brick and mortar store. Feel ripped off.
15c7d3841e86aac5,spike,B01AZ15E22,TOILET_PAPER,2020-03-29,2020-04-02,1.0,4,78,english,"Ordered this as I couldn't fine any toilet paper anywhere. The previous review and video were right on! This is a very small roll and not soft at all. I probably would have bought this anyway due to the lack of availability. But don't give false info about it. Shame on you, you now qualify for the Hall of Shame. Taking advantage of others during this time of crisis!! May you see the light and change your ways!"
a4b95c4ffd57d3ce,spike,B01AZ15E22,TOILET_PAPER,2020-03-29,2020-04-02,1.0,2,68,english,"Like other reviews have said, this is a joke of a package of toilet paper. When I saw the box outside, I couldn't believe even 4 normal rolls could fit in there let alone 12 supposedly double rolls. I thought I was safe buying this as it was sold and shipped from Amazon and not a 3rd party. I'll be staying away from this brand in the future."
d5f71c69c2830136,spike,B01M9I0F3F,TOILET_PAPER,2020-03-08,2020-03-10,3.0,2,21,english,The product arrived is much smaller than i was thinking compared to normal tissues. I think that makes it expensive also.
0cdfc3380528a344,spike,B01M9I0F3F,TOILET_PAPER,2020-03-08,2020-03-11,5.0,1,21,english,"Only thing I'd change is the thickness of the roll. Can't believe it's made from bamboo, you can't tell the difference."
fcbff891166a2cae,spike,B01M9I0F3F,TOILET_PAPER,2020-03-08,2020-03-12,4.0,0,55,english,This was our first experience with bamboo toilet paper. I was impressed at how strong and soft it was. What I didn't like about it was the rolls didn't last too long. We are switching to bamboo to help the environment but there is still plastic. I wish they would do away with the plastic.
52d1f260234279b9,spike,B01M9I0F3F,TOILET_PAPER,2020-03-15,2020-03-21,5.0,2,39,english,"This is not soft cushy tissue but it’s perfectly fine, sturdy, and it lasts, even though rolls are smallish. I love that it’s not made out of trees, the price is good and I love having it on subscription."
aaee932346dc0cd6,spike,B01M9I0F3F,TOILET_PAPER,2020-03-15,2020-03-21,2.0,0,13,english,Underwhelming the previous company we purchased bamboo tp from was better and unbleached
5ec88a7654830b3d,spike,B01M9I0F3F,TOILET_PAPER,2020-03-22,2020-03-22,1.0,1,14,english,Paper changed is now ridged and rough. Will not be continuing with this product.
46c2ca07deb7f0de,spike,B01M9I0F3F,TOILET_PAPER,2020-03-22,2020-03-27,3.0,1,93,english,"Not as soft as charmin, but it works. especially when you cannot get charmin anywhere. came on promised delivery date. Update. After using this toilet paper for 2 weeks, for the first time in 40 years we were having trouble with the pipes clogging and water overflowing from the main floor drain in the basement. My husband used a snake to clean out the drains in both of the bathrooms and what the snake brought up looks like toilet paper. we have stardard piping and live on a city lot with city sewer."
f5a30d836d0eb7e9,spike,B01M9I0F3F,TOILET_PAPER,2020-03-22,2020-03-28,5.0,1,10,english,The price too much for the amount of this product
14ac80b3b7bf2ad7,spike,B01M9I0F3F,TOILET_PAPER,2020-03-29,2020-03-29,1.0,1,19,english,Not soft at all. Rough and does not last long. It runs out very quickly. I regret buying this.
a168fc279d68ff37,spike,B01M9I0F3F,TOILET_PAPER,2020-03-29,2020-04-03,5.0,1,30,english,I wouldn't say it is super soft but it is certainly one of the best toilet papers I've used. Very strong and super absorbent. A little goes a long way.
6fe535f3843808cd,spike,B0798C1NYR,TOILET_PAPER,2020-03-08,2020-03-11,5.0,38,70,english,"I used to subscribe to the presto ultra-strong twice and I found that the fuzzies are annoying me, so I decided to try the Charmin brand. I tried the Charmin ultra-soft last year, and I think the fuzzies are much less. Ultra-strong is also soft and thick. Comparing with the presto one, they both have the same size and thickness. I like it and I think it's worthwhile subscribing online."
d4608fc1052c5fb3,spike,B0798C1NYR,TOILET_PAPER,2020-03-08,2020-03-14,5.0,1,45,english,"It’s TP folks. Lighten up and put the roll on the floor or tank. Amazon is now OUT of TP due to the virus. Now, aren’t you glad you bought all those mega rolls. Go wash your hands , use a towel to dry. Sing!"
22f93503060a3101,spike,B0798C1NYR,TOILET_PAPER,2020-03-15,2020-03-16,5.0,0,16,english,Have used this product since it came on the market . Love the larger rolls !
5a128bfa0b1e19cf,spike,B0798C1NYR,TOILET_PAPER,2020-03-15,2020-03-16,5.0,0,11,english,"Lucky I got the product, should have ordered more. Great tp."
466c07a20b2bce0f,spike,B0798C1NYR,TOILET_PAPER,2020-03-22,2020-03-22,5.0,0,19,english,"Great product. A bit pricy. Soft, and absorbent, and durable. You'll appreciate a good product when you use it."
dd86280b4b57a818,spike,B0798C1NYR,TOILET_PAPER,2020-03-22,2020-03-26,5.0,2,22,english,I'm just so grateful to get toilet paper I just hope that it last till the end of this nightmare Trump created
97227969bf710dd2,spike,B0798C1NYR,TOILET_PAPER,2020-03-22,2020-03-27,5.0,0,20,english,Product is just fine. Extra large rolls. Soft and absorbent. Bought before the crash. I am so lucky and happy.
6d1053de06a028c3,spike,B0798C1NYR,TOILET_PAPER,2020-03-29,2020-03-29,5.0,0,19,english,"Nice and soft, yet strong. Good quality, and the box arrived 2 days earlier that the estimated delivery date!"
e762d5627c30d648,spike,B0798C1NYR,TOILET_PAPER,2020-03-29,2020-03-31,4.0,0,13,english,When they say family mega roll they mean business. Also came day early.
7c26da9a96bf72c5,spike,B0798C1NYR,TOILET_PAPER,2020-03-29,2020-04-04,5.0,0,11,english,More expensive than usual but desperate times lead to desperate measures.
95afcf0ef7613200,spike,B07BC2JTMZ,TOILET_PAPER,2020-03-08,2020-03-12,5.0,9,34,english,After reading the reviews I was very hesitant to order.... it was like I was rolling dice for one roll or for 48 rolls (LoL)! I won the roll and got 48 rolls! Whoohoo!
9b34421884ed4a5a,spike,B07BC2JTMZ,TOILET_PAPER,2020-03-08,2020-03-12,1.0,5,14,english,"Sold as 48 double rolls, THIS IS NOT TRUE, THEY ARE 48 SINGLE ROLLS"
cefe9739d9a4b772,spike,B07BC2JTMZ,TOILET_PAPER,2020-03-08,2020-03-14,4.0,0,10,english,Perfect for my septic. Don't have to use extra either.
2863e549d42e24bb,spike,B07BC2JTMZ,TOILET_PAPER,2020-03-15,2020-03-15,5.0,2,76,english,"I get this toilet paper for my sons house, its pricey compared to regular tp and Scott lowered how many sheets per roll which really sucks, he has an older house with cast iron pipes in some of the house. The house is on the ground and the pipes are in the concrete so it has helped to keep clogs away until he can afford to have the floors dug up and have PVC pipes installed."
4f216d930c8c2405,spike,B07BC2JTMZ,TOILET_PAPER,2020-03-15,2020-03-20,1.0,3,34,english,This is not the big rolls of toilet paper I thought I was getting...I'm so disappointed .I could have bought these little rolls at the dollar store.....pathetic.rip offs...shame on Amazon for letting this happen.
54b8d272c83886db,spike,B07BC2JTMZ,TOILET_PAPER,2020-03-15,2020-03-21,5.0,0,62,english,I'm not sure about the rapidly dissolving part. I usually buy Scott 1 ply but have been having some septic tank issues so I thought I'd try this. Not sure that it dissolves any more rapidly than their Scott 1 ply. It's pretty good paper but you should realize that these are really small rolls. You'll go through a roll pretty quickly.
de52c120687b8be3,spike,B07BC2JTMZ,TOILET_PAPER,2020-03-22,2020-03-26,1.0,72,28,english,4 rolls for 36.00. Not what it says or shows. Shows 48 They should be ashamed of themselves this is highway robbery this is They should be. Ashamed
a7613065e12c5c35,spike,B07BC2JTMZ,TOILET_PAPER,2020-03-29,2020-04-02,1.0,4,22,english,You are horrible for price gouging during a time like this. $20 for 4 rolls of RV TP?! What a POS company.
e832df6dfed1e088,spike,B07BC2JTMZ,TOILET_PAPER,2020-03-29,2020-04-02,1.0,3,16,english,Price gouging at its finest. Four rolls of toilet paper for $35? I don't think so.
86f8264c2ded4737,spike,B07BC2JTMZ,TOILET_PAPER,2020-03-29,2020-04-03,4.0,0,37,english,"I received my order last night I received 12 packs of 4. I’m sorry to those who didn’t receive the 48 rolls. Contact the seller. This is a good product, and, a good value for my money."
9cea167445410ec5,spike,B07BQV5RWW,TOILET_PAPER,2020-03-08,2020-03-08,3.0,0,15,english,It is only one ply and it takes more tissue to be effective. Not economical.
59a5754184c1be69,spike,B07BQV5RWW,TOILET_PAPER,2020-03-08,2020-03-09,5.0,0,20,english,"Definitely worth every penny! As always, the original Scott 1000 sheets per roll, is dependable and performs always as expected."
cfc90a2d418af151,spike,B07BQV5RWW,TOILET_PAPER,2020-03-08,2020-03-09,3.0,0,26,english,Well the advertisement said 32 rolls and there is only 30 rolls was disappointed same price as Walmart so it's really like I paid for shipping.
62f551a290e6eb89,spike,B07BQV5RWW,TOILET_PAPER,2020-03-08,2020-03-11,5.0,0,16,english,I like this toilet paper because it is not to soft and doesn’t leave pieces behind.
520a72b342feb2b7,spike,B07BQV5RWW,TOILET_PAPER,2020-03-08,2020-03-13,5.0,0,11,english,Like the value and that it doesn’t clog my toilet paper
ade98ccad163f5d9,spike,B07BQV5RWW,TOILET_PAPER,2020-03-08,2020-03-13,5.0,0,10,english,Liked not having to go to Target to buy it.
6622b9d6db0eda85,spike,B07BQV5RWW,TOILET_PAPER,2020-03-15,2020-03-19,5.0,0,17,english,Perfect. Just what we like. This arrived in a very timely manner. (Before the mad rush occured).
903d08f5fcbd2f1a,spike,B07BQV5RWW,TOILET_PAPER,2020-03-15,2020-03-21,5.0,1,14,english,"It's toilet paper, what's not to like, especially these days. Stay safe and healthy!!"
f2084b8320172cba,spike,B07BQV5RWW,TOILET_PAPER,2020-03-22,2020-03-22,5.0,1,14,english,Scott is the only tissue I buy and my toilet never gets plugged up.
2a09eafc061546f8,spike,B07BQV5RWW,TOILET_PAPER,2020-03-22,2020-03-26,5.0,0,11,english,"Great product, good on our very iffy septic system. Packaged well."
ae6a161c8971bcd5,spike,B07FGBSF45,TOILET_PAPER,2020-03-08,2020-03-08,4.0,0,25,english,This was not favorite toilet paper from Amazon. A little on the linty side. Definitely better than some I purchased. Fair value for the money.
967459effeae738a,spike,B07FGBSF45,TOILET_PAPER,2020-03-08,2020-03-12,1.0,0,18,english,The rolls of toilet paper didn't last as long as angel soft. But I love your paper towels
8ba6ba73d30ba292,spike,B07FGBSF45,TOILET_PAPER,2020-03-08,2020-03-14,5.0,1,26,english,What can I say it cleans the poo right off like a little pillow from heaven. Thank you amazon for taking care of my a$$ !
5d40003b042bcaff,spike,B07FGBSF45,TOILET_PAPER,2020-03-15,2020-03-15,5.0,0,11,english,It is toilet paper. Does the job. Arrived 2 days early.
277869e7e5865ba2,spike,B07FGBSF45,TOILET_PAPER,2020-03-22,2020-03-22,2.0,1,24,english,The rolls are small and paper is thin. The width of the roll is also smaller... horrible value but at least I have t.p.
261a4532cedb4580,spike,B07FGBSF45,TOILET_PAPER,2020-03-22,2020-03-25,5.0,0,16,english,Great product! I would have ordered more had I known that TP would be considered gold...
e08346d7c489dade,spike,B07FGBSF45,TOILET_PAPER,2020-03-22,2020-03-27,5.0,1,13,english,Love it! Have bought multiple times and will buy again....once in stock lol
96fd19fc9a39a675,spike,B07FGBSF45,TOILET_PAPER,2020-03-29,2020-03-30,4.0,0,15,english,I would buy it again when it's available since I can't get out and shop
8a39fe46159fbf24,spike,B07FGBSF45,TOILET_PAPER,2020-03-29,2020-03-31,5.0,0,12,english,Much needed and happy to get it on Amazon. Great value also
93f75bc0914c3562,spike,B07FGBSF45,TOILET_PAPER,2020-03-29,2020-04-04,5.0,0,27,english,"I would put this on my reorder list, but I live alone. I think it might take a while for me to go through 30 rolls ..."
e5d68836167e7cbb,spike,B07SPY4HM8,TOILET_PAPER,2020-03-08,2020-03-09,3.0,0,15,english,"This stuff is soft, but I felt that I was changing rolls all the time."
661577c0e7fcfcf2,spike,B07SPY4HM8,TOILET_PAPER,2020-03-15,2020-03-18,5.0,3,48,english,"Like the product, but Common Sense would be to Ring the Door Bell or knock on the door... It takes 1 sec to do that.... Come on Amazon! Tell your drivers just to ring the door bell like in the past when it was normal to do so..."
5d7db1446a289aab,spike,B07SPY4HM8,TOILET_PAPER,2020-03-15,2020-03-20,5.0,1,26,english,First time buying buying angel soft tissue because that’s all the tissue there was and I’m glad that’s what they had it’s really soft and durable
4af7ce9583130353,spike,B07SPY4HM8,TOILET_PAPER,2020-03-22,2020-03-22,5.0,1,13,english,"Glad I always buy everything on Amazon, not worried about toilet paper now"
00f31113e4b9b3f5,spike,B07SPY4HM8,TOILET_PAPER,2020-03-22,2020-03-23,5.0,1,12,english,Bought before the toilet paper shortage of 2020. Good thing I did.
c2cf5aca44a5d636,spike,B07SPY4HM8,TOILET_PAPER,2020-03-22,2020-03-23,3.0,4,48,english,I paid $30 for this because I was almost out and needed it . I normally buy from Costco but it was impossible to find in store. The rolls are not as full or tall as a Costco roll but it does the job (for the double price).
9a48322794816d03,spike,B07SPY4HM8,TOILET_PAPER,2020-03-22,2020-03-24,5.0,0,62,english,"Just FYI, the most respectable septic service in our area said ONLY USE ANGEL SOFT because it instantly begins to break down. Before we relied on Sams Wholesale brand of TP, but alas, I had to learn how to unclog the main tank in our aerobic system. Nasty. Since we've changed to Angel Soft, I haven't had to unclog anything thank God!"
e930f0542d3f9543,spike,B07SPY4HM8,TOILET_PAPER,2020-03-22,2020-03-26,5.0,0,10,english,Great job! Very prompt shipping and delivery. Good product too!
cf73daef311c2ff1,spike,B07SPY4HM8,TOILET_PAPER,2020-03-29,2020-03-29,5.0,0,16,english,Yeah!!!!! Thanks for the Tp. Could have been the worst quality and still give 5 star!
b48ab609b6d88deb,spike,B07SPY4HM8,TOILET_PAPER,2020-03-29,2020-04-02,5.0,0,14,english,Got this when no one else had any. Price was great. Does the trick.
bbbc6faf2c2812fb,spike,B07SVB39J2,TOILET_PAPER,2020-03-08,2020-03-12,5.0,24,29,english,"My favorite toilet paper. We kept having a few people saying they loved our toilet paper when they came, so for Christmas I wrapped individual rolls with fun tags."
d1ed7e0513525fcd,spike,B07SVB39J2,TOILET_PAPER,2020-03-08,2020-03-12,4.0,0,74,english,"Yay for subscribe and save!! Thanks Amazon! Every store in the area is sold out of TP and everyone I know is complaining about it..NON STOP.. lucky me, amazon delivers it every mth right to my door! I do prefer other brands, but this one was the best quality for the best price when I set it up a while back...right now when everyone else is out and I have it, I'm not complaining!"
df72ee88ec85b7cb,spike,B07SVB39J2,TOILET_PAPER,2020-03-15,2020-03-16,4.0,0,11,english,It's not as plush as higher priced tissue but still good
3da499aab0be32bf,spike,B07SVB39J2,TOILET_PAPER,2020-03-15,2020-03-18,5.0,0,21,english,"We're all happy we could get our hands on these jumbo rolls! They are soft, absorbent and get the job done!"
ea0a885300748d68,spike,B07SVB39J2,TOILET_PAPER,2020-03-15,2020-03-20,5.0,0,23,english,"This came at such a good time with the shortages everywhere. Yes, it may take a little time but I really appreciate it."
5b9aec42d3184ed0,spike,B07SVB39J2,TOILET_PAPER,2020-03-22,2020-03-22,4.0,4,49,english,"The quantity of angel soft toilet paper you receive for the price is unbeatable. My only complaint is that the toilet paper isn’t near as soft as I remember it 2 years ago. The toilet paper is a bit rough, and hurts if you try to wipe a lot."
93f380ce5d58f234,spike,B07SVB39J2,TOILET_PAPER,2020-03-22,2020-03-24,5.0,0,29,english,"Due to the Corona virus we were unable to find any toilet paper in stock. We had to wait a week or two, but we have what we need"
30017ed40f395357,spike,B07SVB39J2,TOILET_PAPER,2020-03-22,2020-03-25,4.0,0,38,english,"This was great to find given the current COVID situation. For people saying it's price gouging, $30 for 36 rolls is totally normal pricing and is within reason. This package will also last a while for my household."
b03ee20c14f67161,spike,B07SVB39J2,TOILET_PAPER,2020-03-22,2020-03-28,1.0,1,67,english,Shame on you buying and resaling toilet paper for jacked prices. Do you know how much disease you can spread by depriving people of TP?! Secondly once that toilet has been in your possession it’s considered tainted. We don’t want your tainted TP!!! Plus you could be a psycho!!! Who is purposely selling diseased toilet paper! PEOPLE use common sense don’t buy used or previously owned TP!
b58315c001ece8e0,spike,B07SVB39J2,TOILET_PAPER,2020-03-29,2020-03-30,5.0,0,11,english,"Glorious toilet paper, abundance of toilet paper. I have toilet paper!"
465816d6b7819320,spike,B0854W9N48,TOILET_PAPER,2020-03-15,2020-03-15,1.0,298,18,english,These ARE NOT double rolls. The one on the left is a double roll I had on hand.
05b9f182784ab25c,spike,B0854W9N48,TOILET_PAPER,2020-03-15,2020-03-21,1.0,142,14,english,"Not a double tool. Poor quality, don’t buy! I am thinking to return it."
a6752c36b1edbea2,spike,B0854W9N48,TOILET_PAPER,2020-03-15,2020-03-21,3.0,64,57,english,"Received my toilet paper yesterday and the best thing I can say is ""at least I now have some TP"". The description gives you the idea that there is a lot more than a normal package but each roll actually seemed smaller than a normal roll so the price point isn't as good as one would think."
ce89123a23f95deb,spike,B0854W9N48,TOILET_PAPER,2020-03-22,2020-03-25,1.0,11,21,english,"These are sold as double rolls, which they are not! Are you kidding me? Why would you allow such dishonestly, Amazon?!"
4a0546f0428ec5d5,spike,B0854W9N48,TOILET_PAPER,2020-03-22,2020-03-27,3.0,73,81,english,"First when I saw the box delivered - I was surprised how small it was - for 48 rolls. They are small rolls, and due to the recent situation I am happy to be able to receive any TP - but it all means these are not double rolls. These will do for now, but generally I would not recommend these. TP is soft and decent quality - its just that they are priced as double rolls and they are not."
83dd023441c033e5,spike,B0854W9N48,TOILET_PAPER,2020-03-22,2020-03-28,2.0,4,58,english,"It's the same Quilted Northern you know, except: * Width reduced from 4"" to 3.8"", * Sheets per roll reduced from 154 to 142, * and Price raised from $25 to $35. Do yourself a favor by acquiring some TP holder extenders and going with the Supreme-sized rolls instead which, as of this writing, are a better deal."
26c4c261ae217035,spike,B0854W9N48,TOILET_PAPER,2020-03-29,2020-03-31,1.0,19,38,english,Not double rolls. Rip off!! Single rolls at the double roll price.. Sucks u can't find tp in stores right now then get ripped off by thinking you're buying double rolls and they are clearly single rolls. Shame!!
73400180e19b5cd2,spike,B0854W9N48,TOILET_PAPER,2020-03-29,2020-03-31,3.0,1,29,english,The rolls are a lot smaller than the double rolls I have at home. Since I needed them I kept them. But I guarantee I will not buy again
d54114736c4468b6,spike,B0854W9N48,TOILET_PAPER,2020-03-29,2020-03-31,1.0,14,63,english,"This product is NOT as advertised!!!!! The rolls are not double rolls, but single rolls (if that) and I would agree with posted pictures, when compared to the same product purchased from a local store. This Provider should be ashamed for taking advantage of a bad situation. This Provider should/will be reported to the Attorney General of Ohio for investigation! This NOT ACCEPTABLE!!!"
5b99687fbb4aac89,spike,B0854W9N48,TOILET_PAPER,2020-03-29,2020-04-02,1.0,5,16,english,Amazon i thought you were doing a better job protecting us consumers from companies like this
