review_id,period,parse_ok,parse_how,Joy,Trust,Fear,Surprise,Sadness,Disgust,Anger,Anticipation,Neutral,has_valid_trigger
736490f5d5003307,baseline,True,json,1,0,0,0,0,0,0,0,0,True
9e15da7bcbb1a14e,baseline,True,json,1,0,0,0,0,0,0,0,0,True
ec3b370ba4592ce9,baseline,True,json,0,0,0,0,0,0,0,0,0,False
3b5ae1d7a3351ac7,baseline,True,json,0,0,0,0,0,0,1,0,0,True
eb4825e81d10bae0,baseline,True,regex,1,0,0,0,1,0,0,0,0,True
9535fe3987f6673f,baseline,True,json,1,0,0,0,0,0,0,0,0,True
0d864efbefd767a9,baseline,True,json,0,0,0,0,1,0,0,0,0,True
4249dd31c54a712e,baseline,True,json,0,0,0,0,0,1,0,0,0,True
9a45c3762ee9eb6b,baseline,True,json,1,0,0,0,0,0,0,0,0,True
5c0f6f7c90cf94a6,baseline,True,json,1,1,0,0,0,0,0,0,0,True
aa6913a0e64df76d,baseline,True,regex,1,0,0,0,0,0,0,0,0,True
b9d96e0251bea39a,baseline,True,json,1,0,0,0,0,0,0,0,0,True
a8c79d8811d907f3,baseline,True,json,1,0,0,0,0,0,0,0,0,True
c56934472311fb82,baseline,True,json,1,0,0,0,0,0,0,0,0,True
15e164b519cee5f3,baseline,True,json,1,0,0,0,0,0,0,0,0,True
cdd7bfef43014fa6,baseline,True,json,1,0,0,0,0,0,0,0,0,True
fef27f392e67f1b7,baseline,True,json,0,0,0,0,0,0,0,1,0,True
b758f1b5b9ad95c9,baseline,True,json,1,0,0,0,0,0,0,0,0,True
005a5fadee1c6f2f,baseline,True,json,1,0,0,0,0,0,0,0,0,False
39e73bb0a01983f3,baseline,True,json,1,0,0,0,0,0,0,0,0,True
4a1d65b3a553080f,baseline,True,json,0,0,0,0,0,0,0,0,0,False
58955bd3a62ad61a,baseline,True,json,1,0,0,0,0,0,0,0,0,True
639405a3977fd170,baseline,True,json,1,0,0,0,0,0,0,0,0,True
4d380113458d5d59,baseline,True,json,1,0,0,0,0,0,0,0,0,False
7569286a65d392fe,baseline,True,json,1,0,0,0,0,0,0,0,0,True
57ae89bae07d0e86,baseline,True,regex,0,0,0,0,0,0,0,0,0,False
031cb0a02262e7a4,baseline,True,json,0,1,0,0,0,0,0,0,0,True
4a91305a199ec0a8,baseline,True,json,0,0,0,0,0,0,0,1,0,True
0058cd4876b8749d,baseline,True,json,0,0,0,0,0,0,0,0,0,False
0eb281fb05b9eb3d,baseline,True,json,0,0,0,0,1,1,0,0,0,True
5d6180bb11ea48a9,baseline,True,json,1,0,0,0,0,0,0,0,0,True
fabd22b18cd41b09,baseline,True,json,1,0,0,0,0,0,0,0,0,True
18ae9b8cc7321be1,baseline,True,json,0,0,0,0,0,0,0,0,0,False
dfea98f3ee2ecf27,baseline,True,json,1,0,0,0,0,0,0,0,0,True
becb8d74b12220ec,baseline,True,json,0,1,0,0,0,0,0,0,0,True
d111e28bb94d2079,baseline,True,json,0,0,0,0,0,0,0,0,1,True
3f4eaaf817f698e0,baseline,True,json,0,0,0,0,1,0,0,0,0,True
15c7481927194d54,baseline,True,regex,1,0,0,0,0,0,0,0,0,True
08d686188aff558c,baseline,True,json,0,0,0,0,0,0,0,0,1,True
3c4a2e2aeb749a92,baseline,True,json,1,0,0,0,0,0,0,0,0,False
7aee8c18e175fe1c,baseline,True,json,1,1,0,0,0,0,0,0,0,True
256c6e56b8960598,baseline,True,json,1,0,0,0,0,0,0,0,0,True
6c9e8a8c7d95c4c7,baseline,True,json,1,0,0,0,0,0,0,0,0,True
3c9a20494a4e3327,baseline,True,json,1,0,0,0,0,0,0,1,0,True
9464b57ee6731402,baseline,True,regex,1,0,0,0,0,0,0,0,0,True
e9fcd18fa30a127d,baseline,True,json,1,0,0,0,0,0,0,0,0,True
0ce875b2727b50fb,baseline,True,json,0,0,0,0,0,0,0,0,0,False
1790826ae898eb13,baseline,True,json,1,0,0,0,0,0,0,0,0,True
31c631b082ba2045,baseline,True,json,0,0,0,1,0,0,0,0,0,True
9280e5c6e9467c08,baseline,True,json,1,0,0,0,0,0,0,0,0,True
6126d4366d546fb2,baseline,True,json,0,0,0,1,0,0,0,0,0,True
0f431eea147330d9,baseline,True,json,1,0,0,0,0,0,0,0,0,True
ca7d543ef013fb9f,baseline,True,regex,1,0,0,0,0,0,0,0,0,True
0a085830e305f536,baseline,True,json,1,0,0,0,0,0,0,0,0,True
13a98ffb2e7ee056,baseline,True,json,0,0,0,0,0,0,0,0,0,False
931b78e045e614ce,baseline,True,regex,0,0,0,0,0,1,1,0,0,True
80db6ad2f0419a11,baseline,True,json,0,0,0,0,0,0,0,0,0,False
3b5a7a7566973e8d,baseline,True,json,1,0,0,0,0,0,0,0,0,True
ff153f39a4d736ee,baseline,True,json,0,0,0,0,0,0,0,0,1,True
53de6201e39f324c,baseline,True,json,0,0,0,0,0,0,0,0,0,False
efd73a2073cc8618,baseline,True,regex,1,0,0,0,0,0,0,0,0,True
8a87e020f6bbf9ad,baseline,True,json,1,0,0,0,0,0,0,0,0,True
aa3a22ffe9da8fc1,baseline,True,json,1,0,0,0,0,0,0,0,0,True
5eb0da53fb279c8e,baseline,True,json,1,0,0,0,0,0,0,0,0,True
d1bf0cdc6ce168bc,baseline,True,json,0,0,0,0,0,0,0,0,0,False
6b93c99e0c0b9268,baseline,True,json,1,0,0,0,0,0,0,0,0,True
ffd0a74530cb1a9e,baseline,True,json,1,0,0,0,0,0,0,0,0,True
ed312beecc06e0bf,baseline,True,json,1,0,0,0,0,0,0,0,0,True
4ad25fd70fb0c8bb,baseline,True,json,0,0,0,1,0,0,0,0,0,True
d90d643583e71876,baseline,True,json,1,0,0,0,0,0,0,0,0,True
2dd41c91f5710d07,baseline,True,json,0,0,0,0,0,0,0,0,0,False
f6bc855d641ee38d,baseline,True,json,0,0,0,0,0,0,1,0,0,True
28c0781cfdcce2b0,baseline,True,regex,0,0,0,1,0,0,0,0,0,True
7644aa5f15fd03e0,baseline,True,json,0,0,0,0,0,0,0,1,0,True
ca37db2d46005c99,baseline,True,regex,0,0,0,0,0,0,0,0,0,False
ab966a1d55a53534,baseline,True,json,0,0,0,0,0,0,0,0,1,True
3fb2674d290a340e,baseline,True,json,0,0,0,0,0,0,0,0,0,False
fdc4b74427ef144e,baseline,True,json,0,0,0,0,0,0,0,0,0,False
1bd8bc5e413e03b5,baseline,True,regex,0,0,0,0,0,0,1,0,0,True
a4470d3952c6077d,baseline,True,json,0,0,1,0,0,0,0,0,0,True
c78170817fdad7eb,baseline,True,json,0,0,0,0,0,0,0,0,0,False
168697c86616b468,baseline,True,json,0,0,0,0,1,0,0,0,0,True
260a216ad687a8e7,baseline,True,json,0,0,0,0,0,0,0,0,0,False
99c1a810ca2855fc,baseline,True,json,0,0,0,0,0,0,0,0,0,False
8d7ea0dff6d092b7,baseline,True,json,0,0,0,0,1,0,0,0,0,False
ecad1227158b1db0,baseline,True,json,0,0,0,0,0,0,0,0,1,True
6ce18803fbb660a0,baseline,True,regex,0,0,0,0,0,0,0,0,0,False
6382775d646b78d0,baseline,True,json,0,0,0,0,0,0,1,0,0,True
979fbc935ffb293a,baseline,True,json,0,0,0,0,0,0,0,0,0,False
38c649361155f5e2,baseline,True,json,1,0,1,0,0,0,0,0,0,True
68e0bfec5c19e3d6,baseline,True,json,1,0,0,0,0,0,0,0,0,True
c22f2e764cb67b01,baseline,True,json,1,0,0,0,0,0,0,0,0,False
427145bcad4d319a,baseline,True,json,1,0,0,0,0,0,0,0,0,True
f55d721c1cae7aef,baseline,True,json,0,0,0,0,0,0,0,0,1,True
0e1634a755502518,baseline,True,json,1,0,0,0,0,0,0,0,0,True
722f0323ca5636d9,baseline,True,json,0,0,0,0,0,0,0,0,1,True
1186ebdb43a92c80,baseline,True,regex,0,0,0,0,0,0,0,0,0,False
9706f432f53c51bf,baseline,True,json,1,0,0,0,0,0,0,0,0,True
c0ed73b3caa0480b,baseline,True,json,1,0,0,0,0,0,0,0,0,True
e3a8f6b95e26b762,baseline,True,json,0,0,0,0,0,0,0,0,0,False
76d8df48f509d3b7,spike,True,json,1,0,0,0,0,0,0,0,0,False
055eae1b1f314274,spike,True,json,0,0,0,0,1,0,0,0,0,True
0f04657f9de5f97b,spike,True,json,0,0,0,0,0,0,1,0,0,True
2b48974e3cb472aa,spike,True,json,1,0,0,0,0,0,0,0,0,True
5a8fb566bed22ef8,spike,True,json,0,0,0,0,0,0,0,1,0,True
6f9851fe8db703c1,spike,True,json,0,0,0,0,0,0,0,1,0,True
a8a4704dde629a87,spike,True,json,1,0,0,0,0,0,0,0,0,True
314ecf7b0e5bf2da,spike,True,json,0,0,1,0,0,0,0,0,0,True
f350a2cc8f0dda0b,spike,True,json,1,0,0,0,0,0,0,0,0,True
1100e82def303b27,spike,True,json,0,0,0,0,0,0,1,0,0,True
9c032bea3fdad4bc,spike,True,json,0,0,0,0,0,0,1,0,0,False
0d98fa2bf499468a,spike,True,regex,0,0,0,0,0,0,0,0,0,False
473a05455665352f,spike,True,json,0,0,0,0,0,0,0,0,0,False
005554c74f663c69,spike,True,json,0,0,0,0,0,0,1,0,0,True
cfff52d714181ef5,spike,True,json,0,0,0,0,0,0,0,0,0,False
de5974131bab5d25,spike,True,json,0,0,0,0,0,0,0,0,0,False
9ce24b6da013e8ba,spike,True,json,0,0,0,0,0,0,0,0,0,False
529ebe762a8c4b09,spike,True,json,0,0,0,0,0,0,1,0,0,True
15c7d3841e86aac5,spike,True,regex,0,0,0,0,0,0,1,0,0,True
a4b95c4ffd57d3ce,spike,True,json,0,0,0,0,0,1,0,0,0,True
d5f71c69c2830136,spike,True,json,0,0,0,0,0,0,0,0,0,False
0cdfc3380528a344,spike,True,json,0,0,0,0,0,0,0,0,1,True
fcbff891166a2cae,spike,True,json,1,0,0,0,1,1,0,0,0,False
52d1f260234279b9,spike,True,json,0,0,0,0,0,0,0,0,0,False
aaee932346dc0cd6,spike,True,json,0,0,0,0,0,0,0,0,0,False
5ec88a7654830b3d,spike,True,regex,0,0,0,0,0,1,0,0,0,False
46c2ca07deb7f0de,spike,True,json,0,0,1,0,0,0,0,0,0,True
f5a30d836d0eb7e9,spike,True,json,0,0,0,0,0,0,1,0,0,True
14ac80b3b7bf2ad7,spike,True,json,0,0,0,0,1,0,0,0,0,True
a168fc279d68ff37,spike,True,json,1,0,0,0,0,0,0,0,0,True
6fe535f3843808cd,spike,True,json,1,0,0,0,0,0,0,0,0,True
d4608fc1052c5fb3,spike,True,json,1,0,0,0,0,0,0,0,0,False
22f93503060a3101,spike,True,json,1,0,0,0,0,0,0,0,0,True
5a128bfa0b1e19cf,spike,True,json,1,0,0,0,0,0,0,0,0,True
466c07a20b2bce0f,spike,True,json,1,0,0,0,0,0,0,0,0,True
dd86280b4b57a818,spike,True,json,1,0,1,0,0,0,0,0,0,True
97227969bf710dd2,spike,True,json,1,0,0,0,0,0,0,0,0,True
6d1053de06a028c3,spike,True,json,1,0,0,0,0,0,0,0,0,True
e762d5627c30d648,spike,True,json,1,0,0,0,0,0,0,0,0,True
7c26da9a96bf72c5,spike,True,json,0,0,1,0,0,0,0,0,0,True
95afcf0ef7613200,spike,True,json,1,0,0,0,0,0,0,0,0,True
9b34421884ed4a5a,spike,True,json,0,0,0,0,0,0,1,0,0,True
cefe9739d9a4b772,spike,True,json,1,0,0,0,0,0,0,0,0,True
2863e549d42e24bb,spike,True,regex,0,1,0,0,0,0,0,1,0,True
4f216d930c8c2405,spike,True,regex,0,0,0,0,0,0,0,0,0,False
54b8d272c83886db,spike,True,json,0,0,0,0,0,0,0,0,0,False
de52c120687b8be3,spike,True,json,0,0,0,0,0,0,1,0,0,True
a7613065e12c5c35,spike,True,json,0,0,0,0,0,0,1,0,0,True
e832df6dfed1e088,spike,True,json,0,0,0,0,0,0,1,0,0,True
86f8264c2ded4737,spike,True,json,1,0,0,0,0,0,0,0,0,True
9cea167445410ec5,spike,True,json,0,0,0,0,0,1,0,0,0,True
59a5754184c1be69,spike,True,json,1,0,0,0,0,0,0,0,0,True
cfc90a2d418af151,spike,True,json,0,0,0,0,0,0,0,0,0,False
62f551a290e6eb89,spike,True,json,1,0,0,0,0,0,0,1,0,True
520a72b342feb2b7,spike,True,json,1,0,0,0,0,0,0,0,0,True
ade98ccad163f5d9,spike,True,json,1,0,0,0,0,0,0,0,0,True
6622b9d6db0eda85,spike,True,regex,1,0,0,0,0,0,0,0,0,True
903d08f5fcbd2f1a,spike,True,json,1,0,0,0,0,0,0,0,0,True
f2084b8320172cba,spike,True,json,1,0,0,0,0,0,0,0,0,True
2a09eafc061546f8,spike,True,json,1,0,0,0,0,0,0,0,0,True
ae6a161c8971bcd5,spike,True,regex,0,0,0,0,0,0,0,0,1,True
967459effeae738a,spike,True,json,1,0,0,0,0,0,0,0,0,True
8ba6ba73d30ba292,spike,True,json,1,0,0,0,0,0,0,0,0,True
5d40003b042bcaff,spike,True,json,0,0,0,0,0,0,0,0,1,True
277869e7e5865ba2,spike,True,json,0,0,0,0,1,0,0,0,0,True
261a4532cedb4580,spike,True,json,1,0,0,0,0,0,0,0,0,True
e08346d7c489dade,spike,True,json,1,0,0,0,0,0,0,0,0,True
96fd19fc9a39a675,spike,True,json,0,0,0,0,0,0,0,1,0,True
8a39fe46159fbf24,spike,True,json,1,0,0,0,0,0,0,0,0,True
93f75bc0914c3562,spike,True,json,0,0,0,0,0,0,0,1,0,True
e5d68836167e7cbb,spike,True,json,0,0,0,0,0,0,0,0,0,False
661577c0e7fcfcf2,spike,True,json,0,0,0,0,0,0,1,0,0,True
5d7db1446a289aab,spike,True,json,1,0,0,0,0,0,0,0,0,True
4af7ce9583130353,spike,True,json,1,0,0,0,0,0,0,0,0,True
00f31113e4b9b3f5,spike,True,json,0,0,0,0,0,0,0,1,0,True
c2cf5aca44a5d636,spike,True,json,0,0,0,0,1,0,1,0,1,True
9a48322794816d03,spike,True,regex,1,0,0,0,0,1,0,0,0,True
e930f0542d3f9543,spike,True,json,1,0,0,0,0,0,0,0,0,True
cf73daef311c2ff1,spike,True,json,1,0,0,0,0,0,0,0,0,True
b48ab609b6d88deb,spike,True,json,1,0,0,0,0,0,0,0,0,True
bbbc6faf2c2812fb,spike,True,json,1,0,0,0,0,0,0,0,0,True
d1ed7e0513525fcd,spike,True,json,1,0,0,0,0,0,0,0,0,True
df72ee88ec85b7cb,spike,True,json,0,0,0,0,0,0,0,0,1,True
3da499aab0be32bf,spike,True,json,1,0,0,0,0,0,0,0,0,True
ea0a885300748d68,spike,True,json,1,0,0,0,0,0,0,0,0,True
5b9aec42d3184ed0,spike,True,json,0,0,0,0,1,0,0,0,0,True
93f380ce5d58f234,spike,True,json,0,0,1,0,0,0,0,0,0,True
30017ed40f395357,spike,True,regex,1,1,0,0,0,0,0,0,0,True
b03ee20c14f67161,spike,True,json,0,0,0,0,0,0,1,0,0,True
b58315c001ece8e0,spike,True,json,1,0,0,0,0,0,0,0,0,True
465816d6b7819320,spike,True,json,0,0,0,0,0,1,0,0,0,True
05b9f182784ab25c,spike,True,regex,0,0,0,0,0,0,0,0,0,False
a6752c36b1edbea2,spike,True,json,0,0,0,0,1,0,0,0,0,True
ce89123a23f95deb,spike,True,json,0,0,0,0,0,0,1,0,0,True
4a0546f0428ec5d5,spike,True,json,0,0,0,1,0,0,0,0,0,True
83dd023441c033e5,spike,True,json,0,0,0,0,0,0,1,0,0,True
26c4c261ae217035,spike,True,json,0,0,0,0,0,1,0,0,0,True
73400180e19b5cd2,spike,True,json,0,0,0,0,0,0,0,0,0,False
d54114736c4468b6,spike,True,json,0,0,0,0,0,0,1,0,0,True
5b99687fbb4aac89,spike,True,json,0,0,0,0,0,0,1,0,0,True
