review_id,emotion,trigger,match
736490f5d5003307,Joy,I love that they use recycled paper to make this!,exact
736490f5d5003307,Joy,I like this toilet paper better than Charmin!,exact
736490f5d5003307,Joy,The quality is great and the price is right!,exact
736490f5d5003307,Joy,Very happy to have a new greener toilet paper!,exact
736490f5d5003307,Joy,I will definitely continue to buy Seventh Generation toilet paper!,exact
9e15da7bcbb1a14e,Joy,Really like this toliet paper.,exact
9e15da7bcbb1a14e,Joy,Good quality and eco-friendly.,none
3b5ae1d7a3351ac7,Anger,but consumers are not stupid!,exact
3b5ae1d7a3351ac7,Anger,You lost a customer here!,exact
eb4825e81d10bae0,Joy,Recommended,exact
eb4825e81d10bae0,Sadness,not quite as soft as some of the most premium virgin toilet paper,exact
9535fe3987f6673f,Joy,This TP is great,exact
9535fe3987f6673f,Joy,I've been using it for years now,exact
0d864efbefd767a9,Sadness,Tears easily during use.,exact
0d864efbefd767a9,Sadness,leaves lots of little chunks of rolled paper behind.,exact
4249dd31c54a712e,Disgust,doesn’t disintegrate in my hand,exact
9a45c3762ee9eb6b,Joy,I'm happy with this toilet paper!,exact
9a45c3762ee9eb6b,Joy,a supporter of Seventh Generation,exact
5c0f6f7c90cf94a6,Joy,But i buy it mostlf,exact
5c0f6f7c90cf94a6,Trust,its helping save the earth,exact
aa6913a0e64df76d,Joy,The only toilet paper I'll use anymore.,exact
aa6913a0e64df76d,Joy,is soft and doesn't shred easily.,exact
aa6913a0e64df76d,Joy,Fairly priced as well.,exact
b9d96e0251bea39a,Joy,I was thrilled to find this product,exact
a8c79d8811d907f3,Joy,Great product for the price,exact
a8c79d8811d907f3,Joy,huge rolls,exact
c56934472311fb82,Joy,Fantastic quality. ,exact
c56934472311fb82,Joy,I was skeptical about ordering TP online and first but am happy I did because my family now has a new favorite. ,exact
c56934472311fb82,Joy,Highly recommend!,exact
15e164b519cee5f3,Joy,My sphincter gave it a perfect five out of five stars,exact
cdd7bfef43014fa6,Joy,LOVE!,exact
cdd7bfef43014fa6,Joy,these are just as good if not better,exact
cdd7bfef43014fa6,Joy,plus getting it right to my door is a plus!,exact
fef27f392e67f1b7,Anticipation,Save time and money.,exact
fef27f392e67f1b7,Anticipation,don’t have to go to the store for this product anymore.,loose
b758f1b5b9ad95c9,Joy,I would compare this toilet paper to charmin.,exact
b758f1b5b9ad95c9,Joy,Very plush and soft.,none
b758f1b5b9ad95c9,Joy,can't beat the price for mega rolls.,exact
005a5fadee1c6f2f,Joy,Great value and very good quality.,none
005a5fadee1c6f2f,Joy,have made it a mainstay at our house.,loose
39e73bb0a01983f3,Joy,this is a great deal,loose
39e73bb0a01983f3,Joy,you are getting 24 rolls for approx $.75 each,exact
39e73bb0a01983f3,Joy,Not to mention that the rolls are huge and a good quality,exact
58955bd3a62ad61a,Joy,Works great!,exact
639405a3977fd170,Joy,I was pleased with how much I got for the cost.,exact
639405a3977fd170,Joy,Very affordable.,exact
4d380113458d5d59,Joy,this is our fave,loose
7569286a65d392fe,Joy,I love Angel Soft,exact
7569286a65d392fe,Joy,you get a lot in a roll,exact
031cb0a02262e7a4,Trust,As expected,exact
4a91305a199ec0a8,Anticipation,i.e. 36 rolls for $30,exact
0eb281fb05b9eb3d,Disgust,raw,exact
0eb281fb05b9eb3d,Sadness,I will NEVER buy this brand of toilet paper again,exact
5d6180bb11ea48a9,Joy,I love it,exact
5d6180bb11ea48a9,Joy,I order again soon,exact
fabd22b18cd41b09,Joy,I love it,exact
fabd22b18cd41b09,Joy,the bigger rolls are great,exact
dfea98f3ee2ecf27,Joy,My family loves this tissue.,exact
dfea98f3ee2ecf27,Joy,Enjoying having it at home.,exact
becb8d74b12220ec,Trust,I would recommend,exact
d111e28bb94d2079,Neutral,It’s toilet paper.,exact
d111e28bb94d2079,Neutral,Used it for what it is designed for.,exact
d111e28bb94d2079,Neutral,My only complaint is roll is too large for my toilet paper holder next to my toilet.,exact
3f4eaaf817f698e0,Sadness,the rolls keep getting narrower,exact
3f4eaaf817f698e0,Sadness,the price keeps getting higher,exact
15c7481927194d54,Joy,Always holds up well.,exact
15c7481927194d54,Joy,Charmin always wins.,exact
08d686188aff558c,Neutral,This product is exactly what you would expect it to be.,exact
3c4a2e2aeb749a92,Joy,"These. Toilet paper was the greatest invention of all time, heh.",loose
7aee8c18e175fe1c,Joy,"Wonderfully soft, absorbent. It’s the only one I buy.",exact
7aee8c18e175fe1c,Joy,Like the extra large rolls,exact
7aee8c18e175fe1c,Trust,It’s the only one I buy.,exact
7aee8c18e175fe1c,Trust,well worth it,exact
256c6e56b8960598,Joy,The best toilet tissue i have ever used!,exact
6c9e8a8c7d95c4c7,Joy,its the only TP I have used for the last 10 to 20 years.,loose
6c9e8a8c7d95c4c7,Joy,"It is soft, and effective, and welcome on my aching butt.",exact
3c9a20494a4e3327,Joy,Love this toilet paper,exact
3c9a20494a4e3327,Anticipation,now it comes straight to the house,exact
9464b57ee6731402,Joy,It seems thicker than others.,none
9464b57ee6731402,Joy,one can use less of it.,exact
9464b57ee6731402,Joy,"Have ordered it twice, and will continue to do so.",exact
e9fcd18fa30a127d,Joy,it does it’s job.,exact
e9fcd18fa30a127d,Joy,very soft and effective.,exact
1790826ae898eb13,Joy,it's the softest I've ever used,none
1790826ae898eb13,Joy,the toilet paper doesnt crumble,exact
31c631b082ba2045,Surprise,The rolls are a bit big for standard size tp holders,exact
9280e5c6e9467c08,Joy,I am sold!,exact
9280e5c6e9467c08,Joy,haven't even had to open the other two packages,exact
9280e5c6e9467c08,Joy,am not even half way through the first one,exact
9280e5c6e9467c08,Joy,6 grandchildren spending weekends,exact
9280e5c6e9467c08,Joy,5 of which are girls,exact
6126d4366d546fb2,Surprise,I thought that when the packaging said 12=24 that these would be the large rolls.,exact
0f431eea147330d9,Joy,I like this brand,exact
0f431eea147330d9,Joy,the price I like it,exact
ca7d543ef013fb9f,Joy,Very soft for only being one ply!,exact
ca7d543ef013fb9f,Joy,Holds together well.,exact
ca7d543ef013fb9f,Joy,Worth the money.,exact
0a085830e305f536,Joy,It’s a great product for my entire family!,exact
931b78e045e614ce,Disgust,These are tiny.,exact
931b78e045e614ce,Disgust,The Dollar tree has a 4 pack of this brand for $1.,exact
931b78e045e614ce,Anger,Save your money.,exact
931b78e045e614ce,Anger,So this is over priced.,exact
3b5a7a7566973e8d,Joy,I love saving money and time.,exact
3b5a7a7566973e8d,Joy,hassle free to have your household products delivered right at your front door.,exact
ff153f39a4d736ee,Neutral,"The paper is not super soft, as that type of paper leaves dingleberries, but gets the job done without discomfort for those sensitive tooshies.",exact
efd73a2073cc8618,Joy,This is good quality paper,exact
efd73a2073cc8618,Joy,you'll never miss the tube.,exact
efd73a2073cc8618,Joy,Trees will stop you in the street to thank you.,exact
8a87e020f6bbf9ad,Joy,It's a good deal,exact
8a87e020f6bbf9ad,Joy,then the house.,exact
aa3a22ffe9da8fc1,Joy,I LOVE not having the cardboard center,exact
aa3a22ffe9da8fc1,Joy,it saves NO cardboard in the trash can,none
5eb0da53fb279c8e,Joy,Love that its tube free.,exact
6b93c99e0c0b9268,Joy,I love not having the tubes to save the environment,exact
ffd0a74530cb1a9e,Joy,Pros Very strong and nice,exact
ed312beecc06e0bf,Joy,I buy this every 3 months or so.,exact
ed312beecc06e0bf,Joy,Great value.,exact
4ad25fd70fb0c8bb,Surprise,it just seems odd that the TP doesn’t hold its form.,exact
d90d643583e71876,Joy,I like that they’re roll free.,exact
d90d643583e71876,Joy,Better for the environment!,exact
f6bc855d641ee38d,Anger,It advertised as 12 rolls with a picture of 12 rolls,exact
f6bc855d641ee38d,Anger,= 20 rolls. We only received the 12 basic rolls.,exact
28c0781cfdcce2b0,Surprise,These are the smallest rolls of toilet tissue I’ve ever seen,exact
28c0781cfdcce2b0,Surprise,review_id,none
28c0781cfdcce2b0,Surprise,28c0781cfdcce2b0,none
28c0781cfdcce2b0,Surprise,emotions,none
7644aa5f15fd03e0,Anticipation,if you have the extra $3,exact
7644aa5f15fd03e0,Anticipation,get the 12 equals 48 counts in Walmart,exact
7644aa5f15fd03e0,Anticipation,its much much bigger,exact
ab966a1d55a53534,Neutral,These were okay.,exact
1bd8bc5e413e03b5,Anger,I have never bought my paper products at Amazon until now.,exact
1bd8bc5e413e03b5,Anger,Check out the picture.,exact
1bd8bc5e413e03b5,Anger,The tiny roll is Amazon's product advertised as big rolls which are 1 inch shorter than a normal roll (and much less paper).,exact
1bd8bc5e413e03b5,Anger,Don't buy this product at Amazon.,exact
1bd8bc5e413e03b5,Anger,I would not have even given this 1 star but the website forced me to add a rating and there was no negative star.,exact
a4470d3952c6077d,Fear,the rolls are regular size that feel like they going to hurt when I use them.,exact
168697c86616b468,Sadness,This is not the same quality as the Angel Soft double rolls I've used for years.,exact
8d7ea0dff6d092b7,Sadness,"during this last order of 120 rolls, we noticed that the paper is much thinner thus diminishing the quality of the tissue paper.",loose
ecad1227158b1db0,Neutral,Not too thin or thick. Good amount for your money. Arrived in good condition.,exact
6382775d646b78d0,Anger,was shorted a roll of toilet paper in my delivery,exact
38c649361155f5e2,Fear,was kinda scared I was going to be missing a pack,exact
38c649361155f5e2,Joy,nope all there,exact
38c649361155f5e2,Joy,came on time,exact
68e0bfec5c19e3d6,Joy,These are really nice!,none
68e0bfec5c19e3d6,Joy,such a deal!,loose
68e0bfec5c19e3d6,Joy,not to have to go all the way into town for items like this.,exact
68e0bfec5c19e3d6,Joy,I bought the paper towels too and they are perfect.,exact
c22f2e764cb67b01,Joy,"is just as good, if not better than the higher priced 'name' brands",none
427145bcad4d319a,Joy,Excellent value.,exact
427145bcad4d319a,Joy,A must buy.,exact
427145bcad4d319a,Joy,several months and see no reason to use more expensive brands,exact
f55d721c1cae7aef,Neutral,Quality & price is very comparable to Angel Soft.,exact
f55d721c1cae7aef,Neutral,Minimal lint left behind (ahhemm).,exact
f55d721c1cae7aef,Neutral,Works well for me.,exact
f55d721c1cae7aef,Neutral,Not sure why the negative reviews.,exact
f55d721c1cae7aef,Neutral,"If you're using 1 square of toilet paper, then sure, it will break apart but if you use a few more squares, I promise you'll still be environmentally friendly 😉",exact
0e1634a755502518,Joy,it's great.,exact
0e1634a755502518,Joy,now I have plenty.,exact
722f0323ca5636d9,Neutral,Kinda thin but still works just takes more of it,exact
9706f432f53c51bf,Joy,a super nice product that I will buy again,exact
c0ed73b3caa0480b,Joy,great item.,exact
c0ed73b3caa0480b,Joy,perfect.,exact
c0ed73b3caa0480b,Joy,great value.,loose
c0ed73b3caa0480b,Joy,thank you.,none
76d8df48f509d3b7,Joy,I plan on buying it again,loose
055eae1b1f314274,Sadness,I definitely didn't want to spent $60 on TP but here we are.,none
055eae1b1f314274,Sadness,Now it's likely not available at all.,exact
0f04657f9de5f97b,Anger,These reviews are lies!,exact
0f04657f9de5f97b,Anger,giving it praise are BS,exact
2b48974e3cb472aa,Joy,these rolls are much bigger and better than the current scott rolls I have.,exact
2b48974e3cb472aa,Joy,I was very Happy I don't have to worry about finding toilet paper right now.,none
5a8fb566bed22ef8,Anticipation,I haven't had a chance to use it yet.,exact
5a8fb566bed22ef8,Anticipation,Will be putting them up this weekend.,exact
5a8fb566bed22ef8,Anticipation,Will update once I have used the products.,exact
6f9851fe8db703c1,Anticipation,TA DA!!,exact
a8a4704dde629a87,Joy,Great deal for the money.,exact
a8a4704dde629a87,Joy,Arrived 2 days earlier than promised.,exact
314ecf7b0e5bf2da,Fear,but we will see if it lasts the life of the pandemic,exact
f350a2cc8f0dda0b,Joy,I should be set now until this is over :-,exact
1100e82def303b27,Anger,I thought these were double rolls so didn’t mind paying the ridiculous price of $61 dollars but after getting them...,exact
1100e82def303b27,Anger,will definitely not be buying again. Way too expensive!!,exact
9c032bea3fdad4bc,Anger,way to take advantage of people in this scary time.,loose
9c032bea3fdad4bc,Anger,These are so small.,none
005554c74f663c69,Anger,WASTE OF MONEY!,exact
005554c74f663c69,Anger,this one is 142 sheets per roll.,exact
529ebe762a8c4b09,Anger,Feel ripped off,exact
15c7d3841e86aac5,Anger,taking advantage of others during this time of crisis!!,loose
15c7d3841e86aac5,Anger,false info about it.,exact
15c7d3841e86aac5,Anger,"Shame on you, you now qualify for the Hall of Shame.",exact
15c7d3841e86aac5,Anger,Sadness,none
15c7d3841e86aac5,Anger,I couldn't find any toilet paper anywhere.,none
15c7d3841e86aac5,Anger,Disgust,none
15c7d3841e86aac5,Anger,very small roll and not soft at all.,exact
15c7d3841e86aac5,Anger,Fear,none
15c7d3841e86aac5,Anger,couldn't find any toilet paper anywhere.,none
15c7d3841e86aac5,Anger,Anticipation,none
15c7d3841e86aac5,Anger,probably would have bought this anyway,exact
a4b95c4ffd57d3ce,Disgust,this is a joke of a package of toilet paper.,exact
a4b95c4ffd57d3ce,Disgust,I couldn't believe even 4 normal rolls could fit in there let alone 12 supposedly double rolls.,exact
a4b95c4ffd57d3ce,Disgust,I'll be staying away from this brand in the future.,exact
0cdfc3380528a344,Neutral,Only thing I'd change is the thickness of the roll.,exact
0cdfc3380528a344,Neutral,"Can't believe it's made from bamboo, you can't tell the difference.",exact
fcbff891166a2cae,Joy,was impressed at how strong and soft it was,exact
fcbff891166a2cae,Sadness,didn't like that the rolls didn't last too long,none
fcbff891166a2cae,Disgust,wish they would do away with the plastic,exact
5ec88a7654830b3d,Disgust,paper changed is now ridged and rough.,loose
46c2ca07deb7f0de,Fear,for the first time in 40 years we were having trouble with the pipes clogging and water overflowing from the main floor drain in the basement.,exact
46c2ca07deb7f0de,Fear,what the snake brought up looks like toilet paper.,exact
f5a30d836d0eb7e9,Anger,The price too much for the amount of this product,exact
14ac80b3b7bf2ad7,Sadness,I regret buying this,exact
a168fc279d68ff37,Joy,one of the best toilet papers I've used.,exact
a168fc279d68ff37,Joy,super absorbent.,exact
a168fc279d68ff37,Joy,A little goes a long way.,exact
6fe535f3843808cd,Joy,I think it's worthwhile subscribing online.,exact
d4608fc1052c5fb3,Joy,"Now, aren't you glad you bought all those mega rolls.",loose
22f93503060a3101,Joy,Have used this product since it came on the market.,none
22f93503060a3101,Joy,Love the larger rolls,exact
5a128bfa0b1e19cf,Joy,Lucky I got the product,exact
5a128bfa0b1e19cf,Joy,should have ordered more,exact
466c07a20b2bce0f,Joy,Great product.,exact
466c07a20b2bce0f,Joy,You'll appreciate a good product when you use it.,exact
dd86280b4b57a818,Joy,I'm just so grateful,exact
dd86280b4b57a818,Fear,that it last till the end of this nightmare Trump created,exact
97227969bf710dd2,Joy,I am so lucky and happy,exact
6d1053de06a028c3,Joy,"Nice and soft, yet strong.",exact
6d1053de06a028c3,Joy,Good quality.,none
6d1053de06a028c3,Joy,the box arrived 2 days earlier that the estimated delivery date!,exact
e762d5627c30d648,Joy,they mean business. Also came day early.,exact
7c26da9a96bf72c5,Fear,desperate times,exact
95afcf0ef7613200,Joy,Whoohoo!,exact
9b34421884ed4a5a,Anger,"Sold as 48 double rolls,",exact
9b34421884ed4a5a,Anger,THEY ARE 48 SINGLE ROLLS,exact
cefe9739d9a4b772,Joy,Perfect for my septic.,exact
cefe9739d9a4b772,Joy,Don't have to use extra,exact
2863e549d42e24bb,Anticipation,until he can afford to have the floors dug up and have PVC pipes installed.,exact
2863e549d42e24bb,Anticipation,trust,none
2863e549d42e24bb,Trust,it has helped to keep clogs away,exact
de52c120687b8be3,Anger,this is not what it says or shows.,none
de52c120687b8be3,Anger,They should be ashamed of themselves.,none
de52c120687b8be3,Anger,this is highway robbery,exact
a7613065e12c5c35,Anger,You are horrible for price gouging during a time like this.,exact
a7613065e12c5c35,Anger,What a POS company.,exact
a7613065e12c5c35,Anger,$20 for 4 rolls of RV TP,exact
e832df6dfed1e088,Anger,Price gouging at its finest.,exact
e832df6dfed1e088,Anger,Four rolls of toilet paper for $35?,exact
86f8264c2ded4737,Joy,a good product,exact
86f8264c2ded4737,Joy,a good value for my money,exact
9cea167445410ec5,Disgust,not economical,loose
9cea167445410ec5,Disgust,takes more tissue to be effective,exact
59a5754184c1be69,Joy,Definitely worth every penny!,exact
59a5754184c1be69,Joy,performs always as expected.,exact
62f551a290e6eb89,Joy,I like this toilet paper,exact
62f551a290e6eb89,Anticipation,doesn’t leave pieces behind,exact
520a72b342feb2b7,Joy,Like the value,exact
ade98ccad163f5d9,Joy,Liked not having to go to Target to buy it.,exact
6622b9d6db0eda85,Joy,Perfect. Just what we like.,exact
6622b9d6db0eda85,Joy,arrived in a very timely manner.,exact
6622b9d6db0eda85,Joy,Before the mad rush occurred.,none
903d08f5fcbd2f1a,Joy,It's toilet paper.,none
903d08f5fcbd2f1a,Joy,especially these days.,exact
903d08f5fcbd2f1a,Joy,Stay safe and healthy!!,exact
f2084b8320172cba,Joy,Scott is the only tissue I buy,exact
2a09eafc061546f8,Joy,Great product,exact
ae6a161c8971bcd5,Neutral,This was not my favorite toilet paper from Amazon.,none
ae6a161c8971bcd5,Neutral,A little on the linty side.,exact
ae6a161c8971bcd5,Neutral,Definitely better than some I purchased.,exact
ae6a161c8971bcd5,Neutral,Fair value for the money.,exact
967459effeae738a,Joy,But I love your paper towels,exact
8ba6ba73d30ba292,Joy,it cleans the poo right off,exact
8ba6ba73d30ba292,Joy,a little pillow from heaven,exact
8ba6ba73d30ba292,Joy,Thank you amazon for taking care of my a$$,exact
5d40003b042bcaff,Neutral,It is toilet paper.,exact
5d40003b042bcaff,Neutral,Does the job.,exact
5d40003b042bcaff,Neutral,Arrived 2 days early.,exact
277869e7e5865ba2,Sadness,horrible value,exact
261a4532cedb4580,Joy,Great product!,exact
e08346d7c489dade,Joy,Love it!,exact
e08346d7c489dade,Joy,have bought multiple times,loose
e08346d7c489dade,Joy,will buy again,exact
e08346d7c489dade,Joy,once in stock,exact
96fd19fc9a39a675,Anticipation,when it's available,exact
8a39fe46159fbf24,Joy,happy to get it on Amazon,exact
8a39fe46159fbf24,Joy,Great value,exact
93f75bc0914c3562,Anticipation,I would put this on my reorder list,exact
661577c0e7fcfcf2,Anger,It takes 1 sec to do that....,exact
661577c0e7fcfcf2,Anger,Come on Amazon!,exact
5d7db1446a289aab,Joy,First time buying buying angel soft tissue because that’s all the tissue there was and I’m glad that’s what they had,exact
5d7db1446a289aab,Joy,it’s really soft and durable,exact
4af7ce9583130353,Joy,Glad I always buy everything on Amazon,exact
4af7ce9583130353,Joy,not worried about toilet paper now,exact
00f31113e4b9b3f5,Anticipation,before the toilet paper shortage of 2020.,exact
00f31113e4b9b3f5,Anticipation,Good thing I did.,exact
c2cf5aca44a5d636,Sadness,I was almost out and needed it,exact
c2cf5aca44a5d636,Sadness,it was impossible to find in store,exact
c2cf5aca44a5d636,Anger,I paid $30 for this,exact
c2cf5aca44a5d636,Anger,for the double price,exact
c2cf5aca44a5d636,Neutral,The rolls are not as full or tall as a Costco roll,exact
c2cf5aca44a5d636,Neutral,but it does the job,exact
9a48322794816d03,Joy,I haven't had to unclog anything thank God!,exact
9a48322794816d03,Disgust,"Before we relied on Sams Wholesale brand of TP, but alas, I had to learn how to unclog the main tank in our aerobic system. Nasty.",exact
e930f0542d3f9543,Joy,Great job!,exact
e930f0542d3f9543,Joy,Very prompt shipping and delivery.,exact
e930f0542d3f9543,Joy,Good product too,exact
cf73daef311c2ff1,Joy,Yeah!!!!!,exact
cf73daef311c2ff1,Joy,Could have been the worst quality and still give 5 star,exact
b48ab609b6d88deb,Joy,Got this when no one else had any.,exact
b48ab609b6d88deb,Joy,Price was great.,exact
bbbc6faf2c2812fb,Joy,My favorite toilet paper.,exact
bbbc6faf2c2812fb,Joy,they loved our toilet paper when they came.,none
bbbc6faf2c2812fb,Joy,so for Christmas I wrapped individual rolls with fun tags.,exact
d1ed7e0513525fcd,Joy,Yay for subscribe and save!!,exact
d1ed7e0513525fcd,Joy,Every store in the area is sold out of TP and everyone I know is complaining about it..NON STOP..,exact
d1ed7e0513525fcd,Joy,"lucky me, amazon delivers it every mth right to my door!",exact
d1ed7e0513525fcd,Joy,"I do prefer other brands, but this one was the best quality for the best price when I set it up a while back...right now when everyone else is out and I have it, I'm not complaining!",exact
df72ee88ec85b7cb,Neutral,It's not as plush as higher priced tissue but still good,exact
3da499aab0be32bf,Joy,We're all happy we could get our hands on these jumbo rolls!,exact
3da499aab0be32bf,Joy,"They are soft, absorbent and get the job done!",exact
ea0a885300748d68,Joy,with the shortages everywhere.,exact
ea0a885300748d68,Joy,"Yes, it may take a little time but I really appreciate it.",exact
5b9aec42d3184ed0,Sadness,The toilet paper isn’t near as soft as I remember it 2 years ago.,loose
5b9aec42d3184ed0,Sadness,hurts if you try to wipe a lot.,exact
93f380ce5d58f234,Fear,Due to the Corona virus we were unable to find any toilet paper in stock.,exact
93f380ce5d58f234,Fear,we had to wait a week or two,loose
30017ed40f395357,Joy,This was great to find,exact
30017ed40f395357,Trust,given the current COVID situation.,exact
30017ed40f395357,Trust,"For people saying it's price gouging, $30 for 36 rolls is totally normal pricing and is within reason.",exact
b03ee20c14f67161,Anger,Shame on you buying and reselling toilet paper for jacked prices.,none
b03ee20c14f67161,Anger,Once that toilet has been in your possession it’s considered tainted.,loose
b03ee20c14f67161,Anger,We don’t want your tainted TP!,exact
b03ee20c14f67161,Anger,Who is purposely selling diseased toilet paper!,exact
b58315c001ece8e0,Joy,Glorious toilet paper,exact
b58315c001ece8e0,Joy,abundance of toilet paper. I have toilet paper,exact
465816d6b7819320,Disgust,These ARE NOT double rolls.,exact
465816d6b7819320,Disgust,The one on the left is a double roll I had on hand.,exact
a6752c36b1edbea2,Sadness,at least I now have some TP.,none
a6752c36b1edbea2,Sadness,each roll actually seemed smaller than a normal roll.,none
a6752c36b1edbea2,Sadness,the price point isn't as good as one would think.,exact
ce89123a23f95deb,Anger,"These are sold as double rolls, which they are not!",exact
ce89123a23f95deb,Anger,"Why would you allow such dishonestly, Amazon!",none
4a0546f0428ec5d5,Surprise,I was surprised how small it was,exact
83dd023441c033e5,Anger,Price raised from $25 to $35.,exact
83dd023441c033e5,Anger,"do yourself a favor by acquiring some TP holder extenders and going with the Supreme-sized rolls instead which, as of this writing, are a better deal.",loose
26c4c261ae217035,Disgust,get ripped off,exact
26c4c261ae217035,Disgust,clearly single rolls,exact
26c4c261ae217035,Disgust,thinking you're buying double rolls,exact
d54114736c4468b6,Anger,This product is NOT as advertised!!!!!,exact
d54114736c4468b6,Anger,"The rolls are not double rolls, but single rolls (if that)",exact
d54114736c4468b6,Anger,This Provider should be ashamed for taking advantage of a bad situation.,exact
d54114736c4468b6,Anger,This Provider should/will be reported to the Attorney General of Ohio for investigation!,exact
d54114736c4468b6,Anger,This NOT ACCEPTABLE!,exact
5b99687fbb4aac89,Anger,thought you were doing a better job protecting us consumers,exact
5b99687fbb4aac89,Anger,companies like this,exact
