no,review_id,text,Joy,Trust,Fear,Surprise,Sadness,Disgust,Anger,Anticipation,Neutral,memo
1,979fbc935ffb293a,"Very tough on lady bits, rough texture. Sandpaper is the best description.",,,,,,"Very tough on lady bits, rough texture. Sandpaper is the best description.","Very tough, rough texture",,,
2,168697c86616b468,This is not the same quality as the Angel Soft double rolls I've used for years. :(,,,,,This is not the same quality as the Angel Soft double rolls I've used for years. :(,not the same quality,not the same quality,,,
3,1186ebdb43a92c80,"Incredibly thin, one ply tp. Similar to Scotts. Not worth it - I’m going back to Chairman which costs more but we use a lot less.",,,,,,"Incredibly thin, one ply tp. Similar to Scotts. Not worth it - I’m going back to Chairman which costs more but we use a lot less.","Incredibly thin, one ply tp. Similar to Scotts. Not worth it - I’m going back to Chairman which costs more but we use a lot less.",,,
4,d90d643583e71876,I like that they’re roll free. Better for the environment! Scott’s makes good tp.,I like that they’re roll free., Scott’s makes good tp.,, Scott’s makes good tp.,,,,Better for the environment!,,
5,3b5a7a7566973e8d,Wonderful buy when you have a big family. It's hassle free to have your household products delivered right at your front door. I love saving money and time.,Wonderful buy when you have a big family.,hassle free,,,,,,I love saving money and time.,,
6,bbbc6faf2c2812fb,"My favorite toilet paper. We kept having a few people saying they loved our toilet paper when they came, so for Christmas I wrapped individual rolls with fun tags.",favorite,favorite,,,,,,favorite,,
7,5a128bfa0b1e19cf,"Lucky I got the product, should have ordered more. Great tp.",Lucky. Great tp.,should have ordered more,,,,,,should have ordered more,,
8,2dd41c91f5710d07,"""12 big rolls' = 20 regular"" Would like to see the visual math on that and show a regular roll next to one of these ""big"" rolls. Smallest roll I've ever seen and if these are big, well, that would make regular not large enough to be a roll of toilet paper. It is hard to believe they are ""big rolls"" as they are small in size.",,,,"12 big rolls' = 20 regular Would like to see the visual math on that and show a regular roll next to one of these ""big"" rolls. Smallest roll I've ever seen and if these are big, well, that would make regular not large enough to be a roll of toilet paper. It is hard to believe they are ""big rolls"" as they are small in size.",,,Smallest roll I've ever seen,,,
9,4f216d930c8c2405,This is not the big rolls of toilet paper I thought I was getting...I'm so disappointed .I could have bought these little rolls at the dollar store.....pathetic.rip offs...shame on Amazon for letting this happen.,,,,,disappointed .,shame on Amazon ,I could have bought these little rolls at the dollar store,,,
10,e832df6dfed1e088,Price gouging at its finest. Four rolls of toilet paper for $35? I don't think so.,,,,,,Price gouging at its finest. Four rolls of toilet paper for $35? I don't think so.,Price gouging at its finest. Four rolls of toilet paper for $35? I don't think so.,,,
11,005a5fadee1c6f2f,Great value and very good quality toilet paper. Have made it a mainstay at our house.,Great value and very good quality toilet paper. Have made it a mainstay at our house.,Great value and very good quality toilet paper.,,,,,,,,
12,903d08f5fcbd2f1a,"It's toilet paper, what's not to like, especially these days. Stay safe and healthy!!","It's toilet paper, what's not to like, especially these days. Stay safe and healthy!!",,,,,,,,"It's toilet paper, what's not to like, especially these days. Stay safe and healthy!!",
13,ed312beecc06e0bf,I buy this every 3 months or so. Great value.,,,,,,,,,,
14,76d8df48f509d3b7,"NOT CHARMIN BUT THIS IS GOOD AND A GREAT BARGAIN...NO CORE, YOU WILL NEED THE SPINDLE IT IS NARROWER THAN THE ONE FOR THE CARDBOARD CORE FOUND IN MOST ROLLS OF TOILET TISSUE. THE GOOD NEWS IS THAT IT WILL FIT IN A REGULAR HOLDER, IT LASTS FOR A VERY LONG TIME. I PLAN ON BUYING IT AGAIN.",NOT CHARMIN BUT THIS IS GOOD AND A GREAT BARGAIN,,,,,,,I PLAN ON BUYING IT AGAIN.,,
15,e08346d7c489dade,Love it! Have bought multiple times and will buy again....once in stock lol,Love it, Have bought multiple times,,,,,,will buy again....,,
16,9a48322794816d03,"Just FYI, the most respectable septic service in our area said ONLY USE ANGEL SOFT because it instantly begins to break down. Before we relied on Sams Wholesale brand of TP, but alas, I had to learn how to unclog the main tank in our aerobic system. Nasty. Since we've changed to Angel Soft, I haven't had to unclog anything thank God!",,,,,,,,,,
17,5d7db1446a289aab,First time buying buying angel soft tissue because that’s all the tissue there was and I’m glad that’s what they had it’s really soft and durable, I’m glad that’s what they had it’s really soft and durable,,,,,,,First time buying,,
18,c78170817fdad7eb,I prefer the thicker rolls. These rolls really don't last long enough to justify the price.,,,,,I prefer the thicker rolls. These rolls really don't last long enough to justify the price.,,,,,
19,26c4c261ae217035,Not double rolls. Rip off!! Single rolls at the double roll price.. Sucks u can't find tp in stores right now then get ripped off by thinking you're buying double rolls and they are clearly single rolls. Shame!!,,,,,,Not double rolls. Rip off!! Single rolls at the double roll price.. Sucks u can't find tp in stores right now then get ripped off by thinking you're buying double rolls and they are clearly single rolls. Shame!!,Not double rolls. Rip off!! Single rolls at the double roll price.. Sucks u can't find tp in stores right now then get ripped off by thinking you're buying double rolls and they are clearly single rolls. Shame!!,,,
20,96fd19fc9a39a675,I would buy it again when it's available since I can't get out and shop,,,,,,I would buy it again when it's available since I can't get out and shop,I would buy it again when it's available since I can't get out and shop,,,
21,e5d68836167e7cbb,"This stuff is soft, but I felt that I was changing rolls all the time.",soft,,,,,,,,,
22,dfea98f3ee2ecf27,My family loves this tissue. Thicker and lasts a long time. Enjoying having it at home.,loves this tissue. Enjoying having it,,,,,,,,,
23,62f551a290e6eb89,I like this toilet paper because it is not to soft and doesn’t leave pieces behind.,I like this toilet paper because it is not to soft and doesn’t leave pieces behind.,,,,,,,,,
24,2b48974e3cb472aa,I did not know what to expect - but wow these rolls are much bigger and better than the current scott rolls I have. I think these will last me until the end of the year - single user. Very Happy I don't have to worry about finding toilet paper right now. FYI I was able to find the adapters GP Item #: 50011 on ebay.,I did not know what to expect - but wow these rolls are much bigger and better than the current scott rolls I have. I think these will last me until the end of the year - single user. Very Happy I don't have to worry about finding toilet paper right now. ,I did not know what to expect - but wow these rolls are much bigger and better than the current scott rolls I have. I think these will last me until the end of the year - single user. Very Happy I don't have to worry about finding toilet paper right now. ,,,,,,I did not know what to expect - but wow these rolls are much bigger and better than the current scott rolls I have. I think these will last me until the end of the year - single user. Very Happy I don't have to worry about finding toilet paper right now. ,,
25,a4b95c4ffd57d3ce,"Like other reviews have said, this is a joke of a package of toilet paper. When I saw the box outside, I couldn't believe even 4 normal rolls could fit in there let alone 12 supposedly double rolls. I thought I was safe buying this as it was sold and shipped from Amazon and not a 3rd party. I'll be staying away from this brand in the future.",,,"Like other reviews have said, this is a joke of a package of toilet paper. When I saw the box outside, I couldn't believe even 4 normal rolls could fit in there let alone 12 supposedly double rolls. I thought I was safe buying this as it was sold and shipped from Amazon and not a 3rd party. I'll be staying away from this brand in the future.",,,"Like other reviews have said, this is a joke of a package of toilet paper. When I saw the box outside, I couldn't believe even 4 normal rolls could fit in there let alone 12 supposedly double rolls. I thought I was safe buying this as it was sold and shipped from Amazon and not a 3rd party. I'll be staying away from this brand in the future.", I'll be staying away from this brand in the future., I'll be staying away from this brand in the future.,,
26,9ce24b6da013e8ba,"This was way too small. It looks like toilet paper for a tiny child. And also this isn’t a double roll, it isn’t even a regular roll size.",,,,,"This was way too small. It looks like toilet paper for a tiny child. And also this isn’t a double roll, it isn’t even a regular roll size.",,"This was way too small. It looks like toilet paper for a tiny child. And also this isn’t a double roll, it isn’t even a regular roll size.",,,
27,736490f5d5003307,I love that they use recycled paper to make this! I like this toilet paper better than Charmin! The quality is great and the price is right! Very happy to have a new greener toilet paper! I will definitely continue to buy Seventh Generation toilet paper!,I love that they use recycled paper to make this! I like this toilet paper better than Charmin! The quality is great and the price is right! Very happy to have a new greener toilet paper,I love that they use recycled paper to make this! I like this toilet paper better than Charmin! The quality is great and the price is right! Very happy to have a new greener toilet paper,,,,,,,,
28,466c07a20b2bce0f,"Great product. A bit pricy. Soft, and absorbent, and durable. You'll appreciate a good product when you use it.",Great product.,,,, A bit pricy.,, A bit pricy., You'll appreciate a good product when you use it.,,
29,31c631b082ba2045,The rolls are a bit big for standard size tp holders,,,,The rolls are a bit big for standard size tp holders,,,,,The rolls are a bit big for standard size tp holders,
30,5ec88a7654830b3d,Paper changed is now ridged and rough. Will not be continuing with this product.,,,,,Paper changed is now ridged and rough., Will not be continuing with this product., Will not be continuing with this product.,,,
31,3b5ae1d7a3351ac7,"I have been using this TP for a year or two and the quality has gone downhill. I didn't mind that it wasn't the softest TP in the world, and I didn't mind that the price kept going up (after all I was doing something for the environment right?) but the last 24 pack I got was loosely rolled, falling off the cardboard and a roll lasted about 2 days in a household of two. Lousy to offer a product and then change it after people start using it regularly...but consumers are not stupid! You lost a customer here!",,,,,I have been using this TP for a year or two and the quality has gone downhill.,I have been using this TP for a year or two and the quality has gone downhill.,Lousy to offer a product and then change it after people start using it regularly...but consumers are not stupid! You lost a customer here!,,,
32,becb8d74b12220ec,Doesn't tear when you are using it. I would recommend.,,I would recommend.,,Doesn't tear when you are using it. I would recommend.,,,,,,
33,93f75bc0914c3562,"I would put this on my reorder list, but I live alone. I think it might take a while for me to go through 30 rolls ...",,,,,,,,,,
34,14ac80b3b7bf2ad7,Not soft at all. Rough and does not last long. It runs out very quickly. I regret buying this.,,,,,Not soft at all. Rough and does not last long. It runs out very quickly. I regret buying this.,Not soft at all. Rough and does not last long. It runs out very quickly. I regret buying this.,Not soft at all. Rough and does not last long. It runs out very quickly. I regret buying this.,,,
35,15c7d3841e86aac5,"Ordered this as I couldn't fine any toilet paper anywhere. The previous review and video were right on! This is a very small roll and not soft at all. I probably would have bought this anyway due to the lack of availability. But don't give false info about it. Shame on you, you now qualify for the Hall of Shame. Taking advantage of others during this time of crisis!! May you see the light and change your ways!",,,,,,"Shame on you, you now qualify for the Hall of Shame.",Shame on you,,,
36,fef27f392e67f1b7,Save time and money. Don’t have to go to the store for this product anymore.,Save time and money. Don’t have to go to the store for this product anymore.,,,,,,,Save time and money. Don’t have to go to the store for this product anymore.,,
37,d1ed7e0513525fcd,"Yay for subscribe and save!! Thanks Amazon! Every store in the area is sold out of TP and everyone I know is complaining about it..NON STOP.. lucky me, amazon delivers it every mth right to my door! I do prefer other brands, but this one was the best quality for the best price when I set it up a while back...right now when everyone else is out and I have it, I'm not complaining!",Thanks Amazon!,"Yay for subscribe and save!! Thanks Amazon! Every store in the area is sold out of TP and everyone I know is complaining about it..NON STOP.. lucky me, amazon delivers it every mth right to my door! I do prefer other brands, but this one was the best quality for the best price when I set it up a while back...right now when everyone else is out and I have it, I'm not complaining!",,,,,,,,
38,0a085830e305f536,Comfort Plus! It’s a great product for my entire family!,great product for my entire family!,,,,,,,,,
39,3fb2674d290a340e,"Didn't get what was in photo and description! Rolls were small definitely not BIG rolls. Very disappointed, will not buy it again, I'll just drive to the store. Huge RIP off!!",,,,,,"s. Very disappointed, will not buy it again, I'll just drive to the store. Huge RIP off!!","s. Very disappointed, will not buy it again,",,,
40,39e73bb0a01983f3,This is a great deal... you are getting 24 rolls for approx $.75 each! Not to mention that the rolls are huge and a good quality tp! I loved the ease of ordering and delivery to my doorstep within a couple of days!,This is a great deal... you are getting 24 rolls for approx $.75 each! Not to mention that the rolls are huge and a good quality tp! I loved the ease of ordering and delivery to my doorstep within a couple of days!, good quality tp! I loved the ease of ordering,,,,,,,,
41,0058cd4876b8749d,Very soft but the 2-ply parts separate when you unroll it. I won’t be buying it again,Very soft,,,, I won’t be buying it again,, I won’t be buying it again,,,
42,28c0781cfdcce2b0,Item shown is not item received. These are the smallest rolls of toilet tissue I’ve ever seen!!!,Item shown is not item received. These are the smallest rolls of toilet tissue I’ve ever seen!!!,Item shown is not item received. These are the smallest rolls of toilet tissue I’ve ever seen!!!,,,,,,,,
43,b03ee20c14f67161,Shame on you buying and resaling toilet paper for jacked prices. Do you know how much disease you can spread by depriving people of TP?! Secondly once that toilet has been in your possession it’s considered tainted. We don’t want your tainted TP!!! Plus you could be a psycho!!! Who is purposely selling diseased toilet paper! PEOPLE use common sense don’t buy used or previously owned TP!,,,,,,Shame on you buying and resaling toilet paper for jacked prices. Do you know how much disease you can spread by depriving people of TP?! Secondly once that toilet has been in your possession it’s considered tainted. We don’t want your tainted TP!!! Plus you could be a psycho!!! Who is purposely selling diseased toilet paper! PEOPLE use common sense don’t buy used or previously owned TP!,Shame on you buying and resaling toilet paper for jacked prices. Do you know how much disease you can spread by depriving people of TP?! Secondly once that toilet has been in your possession it’s considered tainted. We don’t want your tainted TP!!! Plus you could be a psycho!!! Who is purposely selling diseased toilet paper! PEOPLE use common sense don’t buy used or previously owned TP!,,,
44,57ae89bae07d0e86,Poor quality. Too thin. I think this brand was must better a long time ago. I won't repurchase.,,,,,,Poor quality. Too thin.,I won't repurchase.,,,
45,15e164b519cee5f3,My sphincter gave it a perfect five out of five stars!!!,a perfect five out of five stars!!!,perfect five out of five stars!!!,,,,,,,,
46,9464b57ee6731402,"The bath tissue is very good. It seems thicker than others, and one can use less of it. Using too much might clog the new style toilets. Have ordered it twice, and will continue to do so.",,,Using too much might clog the new style toilets.,,,,,"Have ordered it twice, and will continue to do so.",,
47,cfff52d714181ef5,"I always get Cottonelle mega rolls. Compared to those, these seem very small. Only worth the $16 I paid because it was the only TP I could find.",,,,,"Compared to those, these seem very small.",,"Compared to those, these seem very small.",,,
48,0f431eea147330d9,I like this brand n the price I like it,I like this brand n the price I like it,,,,,,,,,
49,ffd0a74530cb1a9e,Pros Very strong and nice Cons Does not last as long,Pros Very strong and nice,,,,Cons Does not last as long,,Cons Does not last as long,,,
50,59a5754184c1be69,"Definitely worth every penny! As always, the original Scott 1000 sheets per roll, is dependable and performs always as expected.","Definitely worth every penny! As always, the original Scott 1000 sheets per roll, is dependable and performs always as expected.","Definitely worth every penny! As always, the original Scott 1000 sheets per roll, is dependable and performs always as expected.",,,,,,"Definitely worth every penny! As always, the original Scott 1000 sheets per roll, is dependable and performs always as expected.",,
